Age,Gender,Locality,Marital Status,Category,Economic Status,Institution type,Affiliation,Mode of Study,Undergraduate,Postgraduate,Semester,Mother's Education ,Father's Education ,Pre-Owned Disease - Mental,Pre-Owned Disease - Physical ,"PI [In case of some difficult subjects, I can't concentrate in the class.]",PI [While listening to the lectures I keep on making movements.],PI [I become uneasy or uncomfortable about my inability to take the decision about which subject and how much should I study.],PI [I feel like postponing study plan.],PI [I feel to bunk lectures when I do not understand class lectures.],PI [I become uncomfortable as I do not concentrate on my study.],PI [I experience heaviness of head while studying some subjects.],PI [I become anxious with a thought that I have a low intellectual level.],PI [I become uneasy when I fail to remember my study.],PI [I become fatigued after the study.],PI [I experience heaviness in the head when I see books and notes.],PI [I become uneasy with the idea of whether to play or study.],"PI [While studying, I feel that some subjects are beyond my grasp.]",PI [I experience duality of mind whether the selected curriculum is proper or improper for me.],"PI [Due to the dislike for some subjects, I do not feel like studying.]",PI [I am in the habit of daydreaming while listening to the lectures or studying.],IPT [I get bored with uninterested teaching.],IPT [I am afraid of examinations due to the incomplete syllabus.],IPT [I become restless when I realize that my friends have completed their study.],IPT [There is a burden of high expectations of teachers upon me.],IPT [I get irritated due to the teacher's partiality.],"IPT [I become uneasy when my friends who get the same marks like me, are appreciated by others.]",IPT [I become uncomfortable when I do not get the appointment of the teachers for clearing my doubts.],IPT [I have to study regularly in order to get more marks than my friends.],IPT [I feel like avoiding the college as my friends tease me.],IPT [I get angry because some teachers avoid lectures.],IPT [I have a pressure of completing home assignments in time.],IPT [I become frightened while answering the questions asked by the teachers.],IPT [I feel the pressure of teachers' strict discipline.],IPT [I become uneasy when I waste my time in the company of my friends.],IPT [I feel pressure while communicating with teachers due to the internal disputes between them.],IPT [I dare not asking questions to the teachers.],"IPT [Due to the grouping of students, I always feel under the pressure.]",FE [I become restless due to the non-preparation in the examination.],FE [I become sad or nervous with the idea of getting fewer marks in the examination.],FE [I become irritated because I do not get enough sleep during the examination.],FE [It troubles me that I might fell sick during the examination.],FE [I have become insensitive due to exhaustive study.],FE [I experience the problem of indigestion during examination time.],FE [I become frightened while entering the examination hall.],FE [I am afraid of failure in the examination despite good study.],FE [I frequently become sick during the examination.],FE [I don't have sound sleep due to the thoughts of examination.],FE [I become tense due to the incomplete study of some subjects.],IFC [I become unenthusiastic due to the non-ventilated atmosphere in the classroom.],IFC [I become angry due to the non-cooperation of the non-teaching staff.],IFC [I become nervous if I do not get a seat in the study room.],IFC [I get bored due to non-ventilated classrooms.],IFC [The constant noise around the college campus troubles me.],IFC [Academic overload makes me tired.],IFC [I become fatigued due to the busy academic schedule of college.],IFC [I feel like taking holiday due to the academic burden.],"IFC [Due to unavailability of expert teachers and inadequate subject knowledge of teachers, I become uncomfortable.]",PE&SES [I feel the pressure of strict disciplined parents.],PE&SES [I get tired adjusting with study and household duties.],PE&SES [There is a pressure of parents on me to get highest marks.],PE&SES [I become nervous as I can't participate in trip due to financial problems.],PE&SES [There is a pressure of parents on me to study hard instead of wasting time in the company of friends.],PE&SES [The financial problem of my family makes me anxious.],PE&SES [I am irritated with the constant suggestions by the parents for study.],PE&SES [There is a pressure of returning home early from the college.],PE&SES [I become sad because I cannot enjoy like my other friends due to financial problems.],PE&SES [There is a pressure of parents on me to score more marks than my friends.],PE&SES [I feel nervous because I can't purchase reference books or notes in time.],PE&SES [I suffer from an inferiority complex because the social status of my family is low compared to friends.],PE&SES [There is a pressure of parents on me to participate in extracurricular activities.],PI_Score,IPT_Score,FE_Score,IFC_Score,PESES_Score,Total_Stress_Score
Between 18 to 25,Male,Rural,Unmarried,General,Antyodaya,University,Private,Distance mode,Arts,Arts,Third,Graduate,Literate,No,No,5,4,3,4,4,4,3,4,4,4,3,4,4,4,4,4,5,4,4,4,5,4,5,4,5,5,5,5,5,3,3,3,3,5,5,5,5,5,5,5,5,5,5,5,5,4,4,4,4,5,4,4,5,5,4,4,5,4,5,4,5,4,5,4,4,4,62,72,55,39,57,285
Between 18 to 25,Female,Rural,Married,General,Above Poverty Line (APL),University,Government,Distance mode,Arts,Arts,First,Literate,Literate,No,No,1,1,1,1,1,1,1,1,1,1,1,1,1,1,1,1,1,1,1,1,1,1,1,1,1,1,1,1,1,1,1,1,1,1,1,1,1,1,2,1,2,1,1,1,1,1,1,1,1,1,1,1,1,1,1,1,1,1,1,1,1,1,1,1,1,1,16,17,13,9,13,68
Between 18 to 25,Male,Urban,Unmarried,General,Below Poverty Line (BPL),University,Government,Distance mode,B.A Marketing ,Not Applicable,Third,Literate,Intermediate,No,No,2,4,2,2,2,2,2,2,2,2,2,2,2,2,2,2,2,2,2,2,2,2,2,4,2,2,2,2,2,2,2,2,2,2,2,2,3,2,2,2,2,2,3,2,2,2,2,2,3,2,2,2,2,2,2,2,2,2,2,4,2,2,2,2,2,2,34,36,24,19,28,141
Between 18 to 25,Male,Rural,Unmarried,General,Above Poverty Line (APL),University,Government,Distance mode,Not Applicable,Yoga,First,Literate,Intermediate,No,No,4,4,4,3,4,4,4,2,2,2,2,4,2,4,2,4,4,4,2,1,3,1,3,1,3,1,3,1,3,3,3,1,1,2,4,3,4,2,4,2,2,4,4,4,3,4,4,2,2,4,2,4,4,4,4,2,4,3,4,4,3,4,3,4,2,4,51,38,35,29,45,198
Between 18 to 25,Female,Urban,Married,General,Antyodaya,University,Government,Distance mode,Yoga ba,Not Applicable,First,Graduate,Above Graduation,No,No,2,2,2,2,2,2,2,2,2,2,2,2,2,2,2,2,3,2,2,2,2,2,2,2,2,2,2,2,2,2,2,2,2,2,3,2,2,2,2,2,2,2,2,2,2,2,2,2,2,2,2,2,2,3,4,3,3,4,3,2,4,2,3,3,2,2,32,35,23,18,38,146
Between 18 to 25,Female,Rural,Unmarried,Other Backward Classes (OBC),Below Poverty Line (BPL),University,Private,Regular mode,Not Applicable,Not Applicable,First,Intermediate,Intermediate,No,No,4,2,4,1,1,4,2,2,4,2,1,2,3,2,2,1,1,2,4,3,1,2,2,5,1,3,3,2,4,3,1,3,4,4,3,1,2,4,2,5,5,1,2,3,4,2,1,3,5,4,2,4,3,5,3,5,3,2,2,3,5,4,2,3,1,3,37,44,32,28,41,182
Between 18 to 25,Male,Urban,Unmarried,General,Below Poverty Line (BPL),University,Private,Distance mode,Science,Science,Sixth,Literate,Literate,No,No,3,4,4,2,1,2,2,2,2,2,2,2,1,1,2,1,3,3,2,3,3,5,3,3,3,3,1,2,2,2,2,2,2,1,1,1,1,2,2,1,1,1,1,2,4,3,3,3,4,3,3,3,3,2,2,2,2,2,1,2,2,1,2,2,2,2,33,44,14,29,24,144
Between 18 to 25,Female,Urban,Unmarried,General,Above Poverty Line (APL),University,Government,Distance mode,Science,Not Applicable,Second,Above Graduation,Above Graduation,No,No,1,1,1,1,2,1,1,1,1,1,1,1,1,1,1,1,1,1,1,1,1,1,1,1,1,1,1,1,1,1,1,1,1,1,1,1,1,1,1,1,1,1,1,1,1,1,1,1,1,1,1,1,1,4,3,5,3,5,3,3,5,3,3,3,3,3,17,17,11,9,46,100
Between 18 to 25,Female,Rural,Unmarried,Other Backward Classes (OBC),Below Poverty Line (BPL),College,Government,Distance mode,Diploma,Diploma,First,Literate,Intermediate,No,No,2,1,2,2,2,2,2,2,4,3,2,3,2,3,2,4,4,4,4,2,2,2,2,4,2,2,2,4,2,4,2,4,2,2,4,4,2,2,2,4,4,2,4,4,4,2,2,2,2,4,4,4,2,2,2,2,3,2,4,2,2,2,2,2,2,2,38,48,34,26,29,175
Between 18 to 25,Female,Rural,Unmarried,Other Backward Classes (OBC),Antyodaya,University,Private,Distance mode,Yoga,Not Applicable,Second,Intermediate,Intermediate,No,No,5,5,5,3,2,5,5,5,5,2,2,2,4,5,5,2,5,5,5,3,5,2,4,5,2,5,2,2,4,2,2,2,2,2,2,5,5,5,2,2,2,2,2,5,5,5,5,4,5,5,2,5,5,2,2,2,3,3,5,3,3,3,2,3,2,2,62,57,34,41,35,229
Between 18 to 25,Female,Rural,Unmarried,Other Backward Classes (OBC),Below Poverty Line (BPL),College,Government,Regular mode,Arts,Not Applicable,Fifth,Intermediate,Graduate,No,No,4,4,3,4,4,5,3,3,5,5,3,3,3,4,5,5,5,3,3,3,1,2,2,1,1,1,1,2,2,5,1,1,1,1,1,2,5,3,3,3,3,3,3,1,3,4,5,5,5,5,5,5,5,5,4,2,5,4,5,4,5,4,3,5,5,3,63,35,28,42,54,222
Between 18 to 25,Female,Rural,Unmarried,Scheduled Caste,Below Poverty Line (BPL),University,Private,Distance mode,Arts,Postical science ,First,Literate,Graduate,No,No,4,4,2,3,5,4,4,5,4,4,3,4,5,4,5,5,4,4,4,3,4,4,4,4,4,4,2,4,4,4,4,2,2,4,5,4,2,4,1,2,5,2,1,5,5,4,4,4,4,4,4,4,4,5,4,1,1,1,1,1,1,1,1,3,4,2,65,61,35,37,26,224
Between 18 to 25,Female,Rural,Unmarried,Other Backward Classes (OBC),Above Poverty Line (APL),University,Private,Distance mode,Diploma in yogic science ,Diploma in yogic science ,First,Literate,Graduate,No,No,4,4,5,2,1,2,3,2,2,3,1,1,2,2,3,4,4,4,4,5,2,1,1,3,1,2,4,2,2,2,4,2,2,2,2,2,3,2,2,2,2,2,1,4,4,4,4,4,4,2,2,1,4,2,2,2,4,3,4,2,3,2,2,3,2,2,41,45,24,29,33,172
Between 18 to 25,Female,Urban,Unmarried,General,Antyodaya,University,Government,Distance mode,Bachelor in yoga,I am in graduation ,Sixth,Graduate,Intermediate,No,No,2,4,2,2,3,4,4,3,4,2,1,2,4,2,2,2,4,2,2,2,2,2,4,3,2,2,2,2,2,4,4,2,2,2,2,2,2,2,2,2,2,2,2,4,2,1,1,1,2,1,2,1,1,2,2,2,2,2,2,2,2,2,2,2,2,2,43,43,24,12,26,148
Between 18 to 25,Female,Rural,Unmarried,Other Backward Classes (OBC),Below Poverty Line (BPL),University,Government,Distance mode,Arts,Science,Second,Literate,Intermediate,No,No,2,2,2,2,2,2,2,2,2,2,2,2,2,2,2,4,2,2,2,2,2,2,2,2,2,2,2,2,2,2,2,2,2,2,2,2,2,2,2,2,2,2,2,2,2,2,2,2,2,2,2,2,2,2,2,2,2,2,2,2,2,2,2,2,2,2,34,34,22,18,26,134
Between 18 to 25,Female,Rural,Unmarried,Other Backward Classes (OBC),Below Poverty Line (BPL),University,Government,Distance mode,Arts,Not Applicable,Sixth,Literate,Intermediate,No,No,4,4,2,2,2,4,2,2,4,3,1,2,3,4,2,2,4,4,2,3,4,2,2,4,1,2,2,2,4,2,2,4,4,2,4,4,2,2,2,2,2,2,2,4,2,2,3,4,4,3,4,4,4,2,4,2,4,4,4,4,2,4,2,4,4,2,43,48,28,30,42,191
Between 18 to 25,Female,Rural,Married,General,Above Poverty Line (APL),University,Private,Distance mode,Yoga ,Not Applicable,Third,Literate,Intermediate,No,No,2,4,4,3,1,4,1,1,4,1,1,1,1,1,1,1,1,4,1,1,1,1,1,1,1,1,4,4,4,1,1,1,1,4,4,4,4,1,4,4,4,1,1,4,1,1,4,1,4,1,1,1,1,1,1,1,1,5,1,1,1,1,1,1,1,1,31,29,35,15,17,127
Between 18 to 25,Female,Rural,Unmarried,Other Backward Classes (OBC),Below Poverty Line (BPL),University,Private,Regular mode,Arts,Not Applicable,First,Literate,Literate,No,No,2,5,2,1,1,1,1,1,1,1,1,1,1,1,1,1,1,1,1,1,1,1,1,5,1,1,1,1,1,1,1,1,1,3,3,3,3,3,3,3,3,3,3,3,1,1,1,1,1,1,1,1,1,1,1,1,1,1,1,1,1,1,1,1,1,1,22,21,33,9,13,98
Between 18 to 25,Female,Rural,Married,Other Backward Classes (OBC),Above Poverty Line (APL),University,Government,Distance mode,Arts,Arts,First,Literate,Graduate,No,No,3,2,2,2,2,2,2,1,2,1,1,2,2,2,1,2,2,1,2,1,2,2,2,1,2,2,2,2,2,2,1,1,2,2,3,3,2,2,2,3,2,3,3,2,3,3,3,3,3,3,3,3,3,3,3,3,3,3,3,3,2,2,3,3,3,3,29,29,27,27,37,149
Between 18 to 25,Male,Urban,Unmarried,General,Above Poverty Line (APL),University,Private,Distance mode,BA Yoga ,BA yoga ,Third,Graduate,Above Graduation,No,No,2,2,4,3,5,5,4,3,4,3,5,4,4,3,5,2,4,2,3,3,5,3,2,4,3,3,4,2,3,4,3,3,2,4,3,3,4,3,4,2,3,3,3,3,3,3,3,3,4,3,3,3,3,3,3,3,3,3,4,3,3,3,3,3,4,3,58,53,35,28,41,215
Between 18 to 25,Male,Urban,Unmarried,General,Below Poverty Line (BPL),College,Government,Regular mode,Computer Science,Computer Science,First,Literate,Intermediate,No,No,4,5,4,5,4,5,4,5,4,5,4,4,4,4,5,4,4,4,4,4,4,4,4,4,4,4,4,4,4,4,4,4,4,5,4,4,4,4,4,4,4,4,4,4,4,4,4,4,4,4,4,4,4,4,4,4,4,4,4,4,4,4,4,4,4,4,70,68,45,36,52,271
Between 18 to 25,Male,Urban,Unmarried,General,Above Poverty Line (APL),University,Private,Regular mode,Science,Science,First,Intermediate,Intermediate,No,No,4,4,4,4,4,4,4,4,4,4,4,4,4,4,4,4,4,4,4,4,4,4,4,4,4,4,4,4,4,4,4,4,4,4,4,4,4,4,4,4,4,4,4,4,4,3,4,4,4,4,4,4,4,4,4,4,4,4,4,4,4,4,4,4,4,4,64,68,44,35,52,263
Between 18 to 25,Female,Rural,Unmarried,General,Below Poverty Line (BPL),College,Private,Regular mode,Computer Science,Computer Science,First,Intermediate,Intermediate,No,No,4,4,5,4,3,4,5,4,5,4,5,5,5,4,4,5,3,5,5,4,5,3,5,4,3,4,5,4,4,4,4,4,5,4,4,4,4,5,5,5,5,5,5,4,5,4,4,4,4,4,5,4,5,5,4,5,4,5,4,3,4,4,4,4,4,4,70,71,50,39,54,284
Between 18 to 25,Male,Rural,Unmarried,Scheduled Caste,Above Poverty Line (APL),College,Private,Regular mode,Computer Science,Not Applicable,First,Graduate,Graduate,No,No,4,4,4,4,4,4,4,4,4,4,4,4,4,4,4,4,5,2,4,4,4,4,4,4,4,4,4,4,4,4,4,4,4,4,4,4,4,4,4,4,4,4,4,4,4,4,4,4,4,4,4,4,4,4,4,4,4,4,4,4,4,4,4,4,4,4,64,67,44,36,52,263
Between 18 to 25,Male,Rural,Unmarried,General,Above Poverty Line (APL),College,Private,Regular mode,Science,Not Applicable,First,Literate,Literate,No,No,5,5,5,5,5,5,5,5,5,5,5,5,5,5,5,5,5,2,5,5,5,5,5,5,5,5,5,5,5,5,5,5,5,5,5,5,5,5,5,5,5,5,5,5,5,5,5,5,5,5,5,5,5,5,5,5,5,5,5,5,5,5,5,5,5,5,80,82,55,45,65,327
Between 18 to 25,Male,Rural,Unmarried,General,Above Poverty Line (APL),College,Private,Regular mode,Science,Computer Science,First,Intermediate,Literate,No,No,3,3,3,3,3,3,3,3,3,3,3,3,3,3,3,3,3,3,3,3,3,3,3,3,3,3,3,3,3,3,3,3,3,3,3,3,3,3,3,3,3,3,3,3,3,3,3,3,3,3,3,3,3,3,3,3,3,3,3,3,3,3,3,3,3,3,48,51,33,27,39,198
Between 18 to 25,Female,Urban,Unmarried,General,Above Poverty Line (APL),College,Government,Regular mode,Science,Not Applicable,First,Intermediate,Intermediate,No,No,4,3,4,5,3,4,5,4,3,3,3,4,4,3,5,4,5,4,4,4,4,4,3,4,3,2,5,5,4,3,4,4,3,3,3,3,3,3,3,3,3,3,3,3,3,3,3,3,3,3,3,4,3,4,4,4,2,3,3,3,3,3,3,3,3,3,61,65,33,28,41,228
Between 18 to 25,Female,Rural,Unmarried,General,Below Poverty Line (BPL),College,Private,Regular mode,Science,Computer Science,First,Graduate,Graduate,No,No,4,4,3,4,4,3,4,4,3,4,4,3,4,4,4,4,4,3,4,4,4,5,4,3,4,3,4,4,3,4,4,4,3,4,3,4,4,4,4,3,4,3,4,4,4,4,4,4,4,4,4,4,4,4,4,4,4,4,4,4,4,4,4,4,4,4,60,64,41,36,52,253
Between 18 to 25,Male,Rural,Unmarried,General,Above Poverty Line (APL),College,Private,Regular mode,Science,Computer Science,First,Literate,Literate,No,No,3,3,2,4,5,5,4,4,2,2,3,5,5,5,2,5,4,4,4,2,2,2,2,2,5,2,3,2,2,2,2,2,3,5,2,4,2,3,3,2,2,4,5,4,3,3,5,4,2,3,3,4,3,2,2,2,2,3,2,3,2,2,2,2,2,2,59,45,36,30,28,198
Between 18 to 25,Female,Rural,Unmarried,General,Below Poverty Line (BPL),College,Private,Regular mode,Science,Computer Science,First,Graduate,Graduate,No,No,3,5,4,2,3,2,3,2,3,2,3,3,3,2,2,3,2,4,3,2,3,2,2,2,3,2,3,2,2,3,2,3,3,3,4,4,2,2,1,3,1,1,1,2,3,3,2,2,2,3,3,3,3,3,2,1,2,1,2,1,3,3,1,1,1,1,45,43,24,24,22,158
Between 18 to 25,Female,Rural,Unmarried,General,Below Poverty Line (BPL),College,Private,Regular mode,Computer Science,Not Applicable,First,Literate,Intermediate,No,No,3,3,5,4,2,1,1,3,3,2,2,3,2,3,3,4,5,1,1,1,1,1,3,1,1,1,1,1,1,2,2,1,1,3,4,2,3,3,2,2,2,1,3,4,3,3,1,3,3,2,2,5,3,2,3,1,1,1,1,1,1,1,1,1,1,1,44,25,29,25,16,139
Between 18 to 25,Male,Urban,Unmarried,General,Above Poverty Line (APL),University,Private,Regular mode,Computer Science,Not Applicable,First,Intermediate,Intermediate,No,No,4,4,4,4,4,4,4,4,4,4,4,4,4,4,4,4,4,4,4,4,4,4,4,4,4,4,4,4,4,4,4,4,4,4,4,4,4,4,4,4,4,4,4,4,4,4,4,4,4,4,4,4,4,4,4,4,4,4,4,4,4,4,4,4,4,4,64,68,44,36,52,264
Between 18 to 25,Female,Rural,Unmarried,General,Above Poverty Line (APL),College,Government,Regular mode,Not Applicable,Commerce,First,Graduate,Graduate,No,No,4,4,4,4,3,3,2,4,4,4,3,4,4,3,4,3,4,4,4,4,5,4,4,5,4,4,4,5,4,4,4,4,4,4,4,4,4,4,4,4,4,3,3,4,4,4,3,4,3,4,3,4,4,3,2,3,4,4,4,4,4,4,4,3,4,4,57,71,42,33,47,250
Between 18 to 25,Male,Urban,Unmarried,General,Above Poverty Line (APL),College,Private,Regular mode,Computer Science,Computer Science,First,Graduate,Graduate,No,No,1,1,1,1,1,1,1,1,1,1,1,1,1,1,1,1,1,1,1,1,1,1,1,1,1,1,1,1,1,1,1,1,1,1,1,1,1,1,1,1,1,1,1,1,1,1,1,1,1,1,1,1,1,1,1,1,1,1,1,1,1,1,1,1,1,1,16,17,11,9,13,66
Between 18 to 25,Male,Urban,Unmarried,General,Above Poverty Line (APL),College,Government,Regular mode,Commerce,Commerce,First,Literate,Intermediate,No,No,3,3,3,2,1,4,3,3,3,3,3,3,4,3,3,3,3,3,3,3,3,3,3,3,3,3,3,3,3,3,3,3,3,3,3,3,3,3,3,3,3,3,3,3,3,3,3,3,3,3,3,3,3,3,3,3,3,3,3,3,3,3,3,3,3,3,47,51,33,27,39,197
Between 18 to 25,Female,Rural,Unmarried,General,Above Poverty Line (APL),University,Private,Regular mode,Commerce,Not Applicable,First,Graduate,Above Graduation,No,No,4,4,3,3,3,5,5,4,4,5,3,5,5,4,4,5,4,5,4,5,4,5,5,5,3,5,4,5,4,5,5,5,3,5,5,5,5,5,4,4,4,5,5,5,5,5,5,5,4,4,4,3,4,5,3,5,3,5,3,3,3,3,5,4,3,5,66,76,52,39,50,283
Between 18 to 25,Female,Rural,Unmarried,General,Below Poverty Line (BPL),College,Private,Regular mode,Computer Science,Not Applicable,First,Intermediate,Intermediate,No,No,4,2,2,3,1,2,2,2,4,2,2,2,4,2,4,2,3,2,2,4,3,2,2,4,2,2,4,3,2,4,2,4,2,3,4,4,2,2,2,2,2,2,2,3,3,2,2,3,2,4,4,2,3,2,2,2,2,2,2,2,1,2,2,1,1,2,40,47,28,25,23,163
Between 18 to 25,Female,Rural,Unmarried,General,Below Poverty Line (BPL),College,Government,Regular mode,Not Applicable,Commerce,First,Intermediate,Intermediate,No,No,4,3,3,4,3,3,4,3,4,5,4,4,4,3,4,3,4,4,4,4,4,3,5,4,3,4,4,4,4,3,4,3,4,4,3,4,3,4,3,4,4,3,5,3,5,4,4,4,5,4,3,4,4,5,3,4,5,4,3,5,4,3,4,3,4,3,58,65,40,37,50,250
Between 18 to 25,Male,Urban,Unmarried,General,Above Poverty Line (APL),College,Private,Regular mode,Computer Science,Not Applicable,First,Graduate,Graduate,No,No,1,1,2,4,2,2,4,2,4,5,2,4,2,4,4,4,5,3,2,2,4,1,4,1,1,1,5,1,1,1,3,2,2,2,2,3,1,4,1,1,1,1,1,1,3,3,3,3,3,3,3,3,3,1,3,1,1,1,3,3,3,3,3,3,3,3,47,39,18,27,31,162
Between 18 to 25,Male,Rural,Unmarried,General,Above Poverty Line (APL),College,Private,Regular mode,Computer Science,Computer Science,First,Literate,Intermediate,No,No,4,2,2,2,3,4,3,3,4,2,2,1,2,2,3,2,4,2,1,2,4,2,5,5,2,4,2,2,3,4,3,1,1,4,2,3,3,2,2,2,2,2,2,4,4,4,4,4,4,2,4,3,4,2,2,4,2,4,2,2,2,2,2,2,2,2,41,47,28,33,30,179
Between 18 to 25,Female,Rural,Unmarried,General,Below Poverty Line (BPL),College,Private,Regular mode,Computer Science,Not Applicable,First,Intermediate,Graduate,No,No,4,3,3,2,4,4,4,4,2,4,3,4,4,3,4,4,3,4,4,4,3,4,4,2,4,2,1,1,1,1,1,1,2,4,4,3,3,4,4,4,4,4,4,3,2,4,3,4,4,2,2,2,1,3,2,2,2,4,3,2,5,4,4,4,5,4,56,42,41,24,44,207
Between 18 to 25,Female,Urban,Unmarried,General,Below Poverty Line (BPL),College,Government,Distance mode,Commerce,Not Applicable,First,Literate,Intermediate,No,No,3,2,2,4,2,3,4,2,3,4,5,4,2,4,4,4,4,4,2,4,5,2,3,4,2,2,5,2,4,2,4,4,2,2,2,4,2,4,2,4,3,2,3,2,3,2,2,2,2,3,4,2,2,4,5,4,4,4,4,4,3,2,4,2,3,2,52,55,30,22,45,204
Between 18 to 25,Female,Urban,Unmarried,General,Above Poverty Line (APL),College,Private,Regular mode,Not Applicable,Not Applicable,First,Literate,Literate,No,No,2,2,2,2,1,3,2,2,2,2,2,3,2,3,2,2,2,2,2,2,2,2,3,4,2,3,2,2,2,3,3,2,3,3,4,3,4,3,3,2,2,2,2,3,3,3,3,2,3,4,2,2,2,2,3,2,3,2,2,2,2,2,2,2,2,2,34,41,31,24,28,158
Between 18 to 25,Male,Rural,Unmarried,General,Above Poverty Line (APL),College,Government,Regular mode,Arts,Arts,First,Literate,Intermediate,No,No,4,4,4,5,4,2,5,3,2,5,3,4,5,4,4,4,4,4,3,4,5,5,5,5,4,4,4,4,5,5,4,4,4,5,4,5,4,4,5,4,5,4,5,5,5,4,4,4,4,5,5,5,5,4,3,3,4,5,4,5,4,4,5,4,5,5,62,73,50,41,55,281
Between 18 to 25,Male,Urban,Unmarried,General,Above Poverty Line (APL),University,Government,Regular mode,Arts,Not Applicable,Third,Above Graduation,Above Graduation,No,No,2,1,1,1,1,5,1,2,1,4,1,1,1,1,1,1,3,1,1,1,1,1,5,1,1,5,4,1,1,4,1,1,1,2,4,1,1,1,1,1,1,1,1,4,5,2,2,5,5,1,1,1,5,1,2,1,1,1,3,1,1,1,1,1,1,1,25,33,18,27,16,119
Between 18 to 25,Female,Urban,Unmarried,General,Above Poverty Line (APL),College,Government,Regular mode,Arts,Not Applicable,Fifth,Above Graduation,Above Graduation,No,No,2,1,4,1,4,3,2,1,2,2,1,1,2,1,2,2,5,2,3,4,2,1,2,2,2,3,3,1,2,2,1,2,1,3,3,2,4,3,2,3,1,2,2,2,2,5,1,2,5,2,1,1,2,5,3,5,1,5,1,3,2,2,5,2,1,3,31,38,27,21,38,155
Between 18 to 25,Male,Rural,Unmarried,General,Below Poverty Line (BPL),College,Government,Regular mode,Arts,Arts,First,Literate,Literate,No,No,5,5,4,5,4,5,4,5,5,5,4,4,5,4,5,5,5,5,5,3,2,5,5,5,5,4,5,5,4,4,5,5,5,5,5,4,5,4,3,5,5,3,5,5,5,5,5,2,4,3,3,3,3,3,3,3,5,4,5,5,4,4,2,5,4,2,74,77,49,33,49,282
Between 18 to 25,Female,Rural,Unmarried,Other Backward Classes (OBC),Below Poverty Line (BPL),University,Government,Regular mode,Arts,Not Applicable,Third,Literate,Literate,No,No,4,1,4,2,2,4,4,4,4,2,2,2,4,2,4,2,2,2,4,3,4,2,4,4,2,4,4,2,2,4,2,4,2,4,4,4,2,2,3,2,2,2,4,4,2,4,2,4,4,2,4,4,4,2,4,4,2,4,4,2,4,2,3,4,2,2,47,51,33,30,39,200
Between 18 to 25,Female,Urban,Unmarried,General,Above Poverty Line (APL),College,Government,Regular mode,Arts,Not Applicable,First,Literate,Literate,No,No,4,3,4,3,3,4,4,5,5,4,4,3,4,4,4,3,5,3,4,3,4,4,4,4,3,3,3,4,3,3,3,4,3,4,5,4,4,3,3,3,5,3,3,4,4,3,5,4,5,4,3,3,4,3,3,3,4,3,4,3,3,3,3,3,3,3,61,60,41,35,41,238
Between 18 to 25,Male,Rural,Unmarried,Scheduled Tribe,Below Poverty Line (BPL),College,Government,Regular mode,Arts,Arts,First,Literate,Graduate,No,No,5,3,5,3,5,5,1,2,3,1,3,5,3,4,5,4,3,5,3,2,1,3,1,1,3,1,3,2,2,4,3,3,5,4,5,3,5,2,5,3,3,4,2,5,5,3,3,5,4,3,4,3,3,3,3,4,3,3,4,5,2,1,3,1,4,3,57,45,41,33,39,215
Between 18 to 25,Female,Urban,Unmarried,Other Backward Classes (OBC),Above Poverty Line (APL),College,Government,Regular mode,Arts,Arts,First,Literate,Literate,No,No,3,3,3,3,3,3,3,3,3,3,3,3,3,3,3,3,4,3,3,3,3,3,3,3,3,3,3,4,3,4,3,3,3,3,4,4,4,3,4,3,4,4,3,4,3,3,3,3,3,3,3,3,3,3,3,3,3,3,3,3,3,3,3,3,3,3,48,54,40,27,39,208
Between 18 to 25,Female,Urban,Unmarried,General,Above Poverty Line (APL),College,Government,Regular mode,Arts,Arts,First,Graduate,Graduate,No,No,3,4,5,4,4,4,3,3,4,3,2,3,4,4,4,4,4,2,2,2,2,2,2,1,2,4,3,3,3,2,3,3,3,4,5,4,5,4,2,2,3,3,3,2,3,3,3,3,4,3,4,4,3,3,4,4,3,2,2,4,2,2,2,2,1,2,58,43,37,30,33,201
Between 18 to 25,Female,Urban,Unmarried,General,Above Poverty Line (APL),College,Government,Regular mode,Arts,Not Applicable,First,Literate,Above Graduation,No,No,3,1,2,4,3,4,4,2,1,3,4,2,4,4,3,3,4,4,4,4,2,2,2,4,1,4,4,4,2,2,2,4,1,4,4,4,4,4,4,4,1,3,5,4,4,2,5,4,2,2,2,4,2,3,4,2,4,4,5,2,2,4,3,4,3,2,47,50,41,27,42,207
Between 18 to 25,Female,Urban,Unmarried,General,Above Poverty Line (APL),College,Government,Regular mode,Arts,Arts,Fifth,Literate,Intermediate,No,No,4,4,5,4,4,4,3,5,4,4,3,4,4,4,4,3,4,4,3,3,3,3,3,4,3,3,3,3,3,3,3,5,4,4,4,3,3,4,3,3,3,3,3,5,4,3,3,3,3,3,3,3,4,3,4,3,4,3,4,3,3,4,3,3,3,3,63,57,38,29,43,230
Between 18 to 25,Female,Urban,Unmarried,General,Below Poverty Line (BPL),College,Government,Regular mode,Not Applicable,Arts,First,Literate,Literate,No,No,2,4,5,5,2,2,4,2,2,2,5,4,4,2,2,2,4,5,4,5,1,4,3,4,1,4,4,1,1,4,1,2,2,5,5,5,5,5,5,5,5,5,5,5,4,3,3,4,4,4,4,2,2,5,3,5,5,5,2,2,4,1,5,1,1,1,49,50,55,30,40,224
Between 18 to 25,Female,Urban,Unmarried,General,Above Poverty Line (APL),College,Government,Regular mode,Arts,Not Applicable,First,Literate,Literate,No,No,3,3,3,3,3,3,3,3,3,3,3,3,3,3,3,3,3,3,3,3,3,3,3,3,3,3,3,3,3,3,3,3,3,3,3,3,3,3,3,3,3,3,3,3,3,3,3,3,3,3,3,3,3,3,3,3,3,3,3,3,3,3,3,3,3,3,48,51,33,27,39,198
Between 18 to 25,Female,Urban,Unmarried,Scheduled Caste,Above Poverty Line (APL),College,Government,Regular mode,Arts,Not Applicable,First,Literate,Literate,No,No,3,4,4,4,5,3,5,5,3,5,4,5,4,5,4,5,4,5,3,5,4,3,5,4,5,4,3,4,4,5,3,4,5,5,4,5,4,5,4,4,5,3,5,5,5,4,5,4,5,3,5,3,5,5,4,5,3,5,5,4,3,5,4,4,4,5,68,70,49,39,56,282
Between 18 to 25,Male,Rural,Unmarried,General,Below Poverty Line (BPL),College,Government,Regular mode,Arts,Not Applicable,Third,Intermediate,Intermediate,No,No,1,1,1,2,3,1,3,4,5,3,4,1,1,1,1,4,1,1,1,4,1,1,1,1,1,5,1,1,1,5,1,1,1,5,1,1,1,1,1,1,1,1,1,1,1,1,1,1,1,1,1,1,5,1,5,1,1,1,1,5,5,1,1,1,1,1,36,28,15,13,25,117
Between 18 to 25,Male,Rural,Unmarried,General,Above Poverty Line (APL),College,Government,Regular mode,Arts,Not Applicable,Fifth,Literate,Literate,No,No,2,2,2,2,2,2,2,2,2,3,2,2,2,3,2,2,2,2,2,2,2,2,2,2,2,2,2,2,2,2,2,1,1,2,1,4,2,3,3,2,3,2,2,3,2,3,2,1,2,3,2,1,2,2,2,2,1,1,2,2,1,2,1,1,2,1,34,32,27,18,20,131
Between 18 to 25,Female,Rural,Unmarried,Scheduled Tribe,Below Poverty Line (BPL),College,Government,Regular mode,Arts,Not Applicable,First,Literate,Literate,No,No,4,3,5,1,1,4,4,4,1,4,4,1,4,4,4,4,4,4,4,4,4,4,4,4,1,4,4,4,4,4,1,1,1,4,5,1,1,1,1,4,5,1,1,5,4,4,4,1,5,1,1,1,5,1,1,1,4,1,1,1,1,1,1,1,4,4,52,56,29,26,22,185
Between 18 to 25,Female,Urban,Unmarried,Other Backward Classes (OBC),Antyodaya,College,Government,Distance mode,Arts,Arts,First,Above Graduation,Intermediate,No,No,5,4,4,4,4,5,4,4,4,4,4,4,4,4,4,5,5,5,5,5,5,5,5,4,4,4,4,4,4,4,4,4,4,5,5,4,4,4,4,4,4,4,4,4,4,5,4,5,5,4,5,4,5,4,5,4,4,5,4,4,5,4,5,4,5,4,67,75,46,41,57,286
Between 18 to 25,Female,Rural,Unmarried,General,Above Poverty Line (APL),College,Government,Distance mode,Arts,Arts,Third,Intermediate,Graduate,No,No,4,3,4,3,1,2,1,3,3,2,2,3,2,3,3,3,4,3,3,4,4,3,3,3,3,3,3,3,3,3,3,3,3,3,3,2,3,2,2,3,2,3,3,3,3,3,3,3,3,2,3,3,3,3,2,3,3,2,4,3,2,4,4,2,4,3,42,54,29,26,39,190
Between 18 to 25,Female,Urban,Unmarried,General,Antyodaya,College,Government,Distance mode,Arts,Arts,Third,Intermediate,Intermediate,No,No,4,4,2,2,2,5,3,3,4,4,1,3,2,3,2,4,4,2,2,4,5,5,5,3,2,5,2,4,4,2,3,3,4,4,5,4,4,4,4,2,2,4,4,4,3,4,4,4,3,4,4,4,4,4,4,4,4,4,4,4,4,4,4,4,4,2,48,59,41,34,50,232
Between 18 to 25,Male,Urban,Unmarried,General,Above Poverty Line (APL),University,Government,Regular mode,Arts,Arts,Fifth,Literate,Intermediate,No,No,4,3,4,2,1,3,1,3,3,2,1,3,2,2,2,2,4,3,2,1,2,1,2,2,3,3,4,3,2,4,3,4,2,2,2,1,4,2,2,3,4,2,2,2,4,4,2,2,4,3,2,2,4,3,2,3,4,4,4,1,1,1,3,2,3,3,38,45,26,27,34,170
Between 18 to 25,Female,Rural,Unmarried,General,Antyodaya,College,Government,Regular mode,Arts,Not Applicable,Fifth,Literate,Literate,No,No,3,1,3,2,3,4,2,2,2,2,2,3,3,2,2,3,3,2,2,3,3,3,2,4,3,2,3,3,2,4,3,2,3,4,2,1,4,3,2,2,3,1,1,3,2,2,3,2,2,3,3,3,2,2,3,2,2,2,4,3,2,3,2,2,2,3,39,47,26,22,32,166
Between 18 to 25,Male,Rural,Unmarried,General,Above Poverty Line (APL),University,Government,Regular mode,Arts,Not Applicable,Third,Above Graduation,Above Graduation,No,No,4,3,4,2,4,2,4,1,4,2,2,5,2,5,5,1,4,2,2,1,2,2,4,5,2,2,2,4,2,2,2,2,2,2,2,2,2,2,2,2,1,4,1,4,4,4,2,4,4,2,2,2,1,2,2,5,1,5,1,2,2,1,4,2,1,2,50,42,24,25,30,171
Between 18 to 25,Female,Urban,Unmarried,General,Above Poverty Line (APL),College,Government,Regular mode,Arts,Not Applicable,First,Literate,Literate,No,No,5,1,4,1,1,4,5,5,5,3,1,2,4,3,2,1,4,4,4,1,2,2,4,4,2,2,2,4,2,3,5,4,3,4,5,5,4,2,4,5,5,2,3,3,5,4,5,5,5,4,3,4,3,4,4,1,4,2,2,2,3,5,2,5,5,2,47,52,42,38,41,220
Between 18 to 25,Male,Urban,Unmarried,General,Above Poverty Line (APL),College,Government,Regular mode,Arts,Not Applicable,Fifth,Above Graduation,Above Graduation,No,No,4,4,5,4,4,3,3,4,4,3,3,4,5,3,4,3,3,3,3,3,3,3,3,3,3,3,3,3,3,3,3,3,3,4,3,3,3,3,3,3,3,3,3,3,3,3,3,3,3,3,3,3,3,3,3,3,3,3,3,3,3,3,3,3,3,3,60,51,34,27,39,211
Between 18 to 25,Male,Rural,Unmarried,Scheduled Caste,Above Poverty Line (APL),College,Government,Regular mode,Arts,Arts,Fifth,Intermediate,Graduate,No,No,4,4,4,4,4,4,4,4,4,4,4,4,4,4,4,4,4,4,4,4,4,4,4,4,4,4,4,4,4,4,4,4,4,4,4,4,4,4,4,4,4,4,4,4,4,4,4,4,4,4,4,4,4,4,4,4,4,4,4,4,4,4,4,4,4,4,64,68,44,36,52,264
Between 18 to 25,Female,Urban,Married,General,Below Poverty Line (BPL),College,Private,Regular mode,Arts,Not Applicable,First,Literate,Literate,No,No,3,2,4,2,2,4,3,5,4,3,2,2,3,4,3,2,2,3,4,3,2,2,5,4,2,3,3,4,2,4,2,4,2,4,4,3,3,2,2,4,4,2,4,4,4,4,3,4,4,3,4,3,4,2,3,2,3,3,4,2,4,4,2,4,3,3,48,51,36,33,39,207
Between 18 to 25,Female,Rural,Unmarried,General,Above Poverty Line (APL),College,Government,Regular mode,Arts,Arts,Fifth,Literate,Literate,No,No,4,4,3,4,3,4,5,4,3,4,5,4,4,5,3,4,4,4,4,5,4,5,3,4,3,4,5,4,4,4,5,4,4,3,2,2,1,1,2,1,1,1,1,3,3,2,1,2,2,1,2,2,3,4,3,3,5,3,4,3,4,3,4,3,1,1,63,70,18,18,41,210
Between 18 to 25,Male,Rural,Unmarried,General,Below Poverty Line (BPL),College,Government,Regular mode,Arts,Not Applicable,Fifth,Literate,Literate,No,No,5,5,5,5,5,5,5,5,5,5,5,5,5,5,5,5,5,5,5,1,1,1,1,5,1,1,5,1,1,1,1,1,1,5,5,1,5,5,5,5,5,5,1,5,5,1,1,1,5,5,5,5,1,1,1,1,5,1,5,1,1,5,1,5,5,1,80,37,47,29,33,226
Between 18 to 25,Female,Urban,Unmarried,General,Above Poverty Line (APL),College,Government,Regular mode,Arts,Not Applicable,Fifth,Intermediate,Intermediate,No,No,2,2,2,2,2,2,2,2,2,2,2,2,2,2,2,2,4,2,1,2,2,5,2,2,1,2,2,2,2,2,2,2,2,3,3,3,3,3,3,3,3,3,3,3,2,2,2,2,2,2,2,2,2,2,2,2,2,2,2,2,2,2,2,2,2,2,32,37,33,18,26,146
Between 18 to 25,Female,Urban,Unmarried,General,Above Poverty Line (APL),University,Government,Regular mode,Arts,Not Applicable,First,Above Graduation,Above Graduation,No,No,3,2,2,4,2,3,3,2,2,2,2,3,2,2,2,2,4,4,2,4,2,2,2,3,2,3,2,2,2,3,2,2,2,4,4,2,2,2,2,2,4,3,2,3,2,4,3,3,3,4,4,4,3,2,3,2,2,2,2,2,2,2,2,2,2,2,38,43,30,30,27,168
Between 18 to 25,Female,Rural,Unmarried,Other Backward Classes (OBC),Above Poverty Line (APL),University,Government,Regular mode,Arts,Arts,Third,Literate,Intermediate,No,No,3,4,4,4,2,2,4,2,2,3,4,4,4,2,4,4,3,4,2,1,3,3,3,4,3,2,1,4,2,2,1,4,4,5,5,5,5,5,4,2,3,4,4,4,4,3,4,4,3,2,2,1,2,1,2,4,3,2,5,4,2,2,2,2,2,2,52,46,46,25,33,202
Between 18 to 25,Male,Rural,Unmarried,Scheduled Caste,Antyodaya,University,Government,Regular mode,Arts,Arts,Fifth,Literate,Intermediate,No,No,5,4,4,5,2,4,4,4,4,4,4,4,4,4,4,4,2,2,2,2,2,2,2,2,2,2,2,2,2,2,2,2,2,4,4,4,4,4,4,4,4,4,4,4,4,4,4,4,4,4,4,4,4,4,4,4,4,4,4,4,4,4,4,4,4,4,64,34,44,36,52,230
Between 18 to 25,Female,Urban,Unmarried,General,Below Poverty Line (BPL),College,Government,Regular mode,Arts,Arts,Third,Literate,Literate,No,No,4,3,3,4,2,4,4,4,4,4,3,4,4,4,3,2,3,4,4,3,2,2,3,2,3,2,2,2,2,3,2,3,3,4,4,2,2,3,3,2,4,2,3,4,2,2,4,4,3,2,4,3,3,2,3,2,4,3,5,4,2,4,2,3,4,4,56,45,33,27,42,203
Between 18 to 25,Male,Rural,Unmarried,General,Above Poverty Line (APL),College,Government,Regular mode,Arts,Arts,Fifth,Above Graduation,Above Graduation,No,No,2,2,2,2,3,2,2,3,3,3,3,3,2,2,3,3,4,4,3,4,5,3,3,5,3,3,5,5,5,3,3,5,5,3,5,3,5,3,4,5,3,3,5,5,5,3,4,4,3,4,4,3,4,4,3,4,3,3,4,3,4,5,5,4,5,4,40,68,44,34,51,237
Between 18 to 25,Female,Rural,Unmarried,General,Antyodaya,College,Private,Regular mode,Arts,Arts,Fifth,Intermediate,Intermediate,No,No,4,5,3,5,5,5,3,4,4,4,4,3,3,4,4,3,4,4,3,3,1,2,3,3,2,2,3,2,2,2,3,2,2,3,4,3,4,4,3,4,3,4,3,3,4,4,3,4,3,4,4,3,4,4,4,3,3,3,4,4,3,3,4,3,3,3,63,43,38,33,44,221
Between 18 to 25,Female,Rural,Unmarried,General,Above Poverty Line (APL),University,Government,Regular mode,Arts,Arts,Fifth,Graduate,Above Graduation,No,No,3,4,2,2,3,3,2,2,2,2,1,2,2,3,2,3,4,3,4,3,4,2,3,2,3,4,2,2,2,3,2,2,2,2,4,2,2,2,2,2,2,2,2,2,4,4,3,4,4,3,3,3,4,1,3,2,1,4,1,1,2,1,2,1,1,3,38,47,24,32,23,164
Between 18 to 25,Female,Urban,Unmarried,General,Below Poverty Line (BPL),College,Government,Regular mode,Arts,Arts,Fifth,Graduate,Graduate,No,No,2,2,2,2,2,2,4,3,4,3,2,2,2,3,2,2,2,3,2,2,3,2,2,3,2,2,2,2,2,2,2,3,2,4,4,3,4,3,2,2,2,2,3,4,2,2,2,2,2,2,2,2,2,2,2,2,3,2,2,2,2,2,2,2,2,2,39,38,33,18,27,155
Between 18 to 25,Female,Rural,Unmarried,Other Backward Classes (OBC),Above Poverty Line (APL),College,Government,Regular mode,Arts,BA first sem ,First,Literate,Above Graduation,No,No,2,2,2,2,4,4,4,2,4,4,4,2,4,4,2,4,4,2,4,2,2,2,2,3,2,2,2,2,2,3,2,2,2,4,2,4,4,4,2,4,2,2,4,2,2,2,2,2,4,2,2,2,2,2,5,4,4,2,3,2,2,3,2,4,2,2,50,40,34,20,37,181
Between 18 to 25,Female,Urban,Unmarried,General,Antyodaya,College,Government,Distance mode,Arts,Arts,Fifth,Literate,Literate,No,No,4,4,4,3,3,3,3,3,3,3,3,3,3,3,3,4,3,3,3,3,4,4,5,4,3,3,4,4,4,4,4,5,3,3,3,4,5,4,3,3,5,5,3,3,3,4,3,3,3,4,3,3,3,3,4,3,4,3,4,3,4,4,3,4,4,3,52,63,41,29,46,231
Between 18 to 25,Male,Urban,Unmarried,General,Below Poverty Line (BPL),College,Government,Regular mode,Arts,No,Fifth,Intermediate,Graduate,No,No,2,2,2,2,2,2,2,2,2,2,2,2,2,2,2,2,2,2,2,2,2,2,2,2,2,2,2,2,2,2,2,2,2,2,2,2,2,2,2,2,2,2,2,2,2,2,2,2,2,2,2,2,2,3,3,3,3,3,3,3,3,3,3,3,3,3,32,34,22,18,39,145
Between 18 to 25,Female,Rural,Unmarried,General,Below Poverty Line (BPL),College,Government,Regular mode,Arts,Not Applicable,Fifth,Above Graduation,Literate,No,No,3,4,4,4,3,5,3,4,5,3,3,3,4,4,3,4,4,3,3,4,5,4,4,3,3,5,3,3,3,5,3,3,5,4,5,3,3,4,3,3,3,3,3,4,3,5,3,4,4,4,3,3,4,3,3,3,3,3,4,3,4,3,3,3,3,3,59,63,38,33,41,234
Between 18 to 25,Female,Rural,Unmarried,General,Below Poverty Line (BPL),University,Government,Regular mode,Arts,Not Applicable,Fifth,Intermediate,Intermediate,No,No,4,2,4,2,4,4,3,2,4,4,2,4,4,4,4,2,3,4,2,2,3,1,4,2,2,2,2,2,2,2,2,3,2,4,4,2,3,3,3,2,3,2,3,4,3,3,4,4,4,2,3,2,3,3,4,2,4,4,4,2,3,4,3,4,2,2,53,40,33,28,41,195
Between 18 to 25,Female,Rural,Unmarried,General,Above Poverty Line (APL),College,Government,Regular mode,Arts,Not Applicable,Fifth,Graduate,Graduate,No,No,2,2,2,2,2,2,2,2,2,2,2,2,2,2,2,2,2,2,2,2,2,2,2,2,2,2,2,2,2,2,2,2,2,2,2,2,2,2,2,2,2,2,2,2,2,2,2,2,2,2,2,2,2,2,2,2,2,2,2,2,2,2,2,2,2,2,32,34,22,18,26,132
Between 18 to 25,Female,Rural,Unmarried,General,Below Poverty Line (BPL),College,Government,Regular mode,Arts,Not Applicable,First,Literate,Above Graduation,No,No,2,4,2,1,5,2,1,1,5,2,5,5,2,4,1,4,5,5,4,1,5,4,4,5,1,5,5,4,2,2,2,5,1,5,5,5,2,2,1,2,3,2,5,5,1,5,5,4,5,2,4,2,5,1,4,1,1,1,1,1,2,1,1,3,1,1,46,60,37,33,19,195
Between 18 to 25,Female,Rural,Unmarried,General,Below Poverty Line (BPL),University,Government,Regular mode,Arts,Not Applicable,First,Literate,Intermediate,No,No,2,2,3,2,3,3,2,2,2,2,2,2,3,2,2,2,2,2,2,2,2,2,2,1,2,3,2,3,3,3,3,2,1,2,3,2,4,2,1,3,3,2,2,2,3,3,2,3,4,2,2,2,3,2,1,2,4,2,3,1,4,5,3,1,1,2,36,37,26,24,31,154
Between 18 to 25,Female,Urban,Unmarried,General,Below Poverty Line (BPL),College,Government,Regular mode,Arts,Not Applicable,Fifth,Above Graduation,Graduate,No,No,5,3,4,3,5,4,5,5,2,1,2,2,5,5,1,5,5,5,2,1,5,1,5,2,4,5,5,5,2,1,5,5,2,5,5,5,5,1,1,1,1,4,1,3,5,5,3,5,5,1,5,4,5,5,5,2,5,5,5,5,5,2,5,5,5,1,57,60,32,38,55,242
Between 18 to 25,Female,Rural,Unmarried,General,Below Poverty Line (BPL),College,Government,Regular mode,Arts,Not Applicable,Fifth,Graduate,Graduate,No,No,3,2,1,5,3,4,5,3,3,4,4,1,1,1,1,1,4,1,1,5,1,1,1,1,1,1,1,1,1,1,1,1,5,2,2,2,2,2,2,2,2,2,2,2,3,2,2,4,3,2,2,2,2,1,1,1,2,1,2,2,2,2,1,1,1,1,42,28,22,22,18,132
Between 18 to 25,Male,Urban,Unmarried,General,Above Poverty Line (APL),College,Government,Regular mode,Arts,Arts,Fifth,Above Graduation,Graduate,No,No,2,4,3,2,2,4,4,2,3,2,1,2,1,2,2,3,4,3,2,3,3,2,2,3,1,2,2,2,2,3,2,2,2,4,4,2,2,2,2,3,4,2,2,2,2,2,2,2,3,2,2,2,2,2,2,2,2,2,2,2,2,2,2,2,2,2,39,40,29,19,26,153
Between 18 to 25,Female,Rural,Unmarried,General,Below Poverty Line (BPL),College,Private,Regular mode,Arts,Arts,Third,Literate,Literate,No,No,4,3,3,3,3,4,3,3,4,4,3,3,3,3,3,4,3,4,3,3,3,3,4,4,3,3,4,3,3,3,4,3,3,4,4,4,3,3,4,3,3,3,3,3,3,2,4,4,3,3,3,3,4,1,1,3,3,3,2,2,2,2,2,2,2,2,53,56,37,29,27,202
Between 18 to 25,Female,Urban,Unmarried,Scheduled Caste,Above Poverty Line (APL),University,Government,Regular mode,Arts,Not Applicable,First,Graduate,Literate,No,No,4,5,5,5,5,5,4,5,4,5,5,3,4,4,5,5,5,5,5,5,5,4,5,4,5,4,5,4,5,4,5,4,5,4,4,4,4,4,4,4,4,4,4,4,4,4,4,4,4,4,4,4,4,4,4,4,4,4,4,4,4,4,4,4,4,4,73,79,44,36,52,284
Between 18 to 25,Male,Urban,Unmarried,General,Above Poverty Line (APL),College,Government,Regular mode,Arts,Not Applicable,Third,Intermediate,Above Graduation,No,No,4,4,5,5,2,2,4,4,4,5,2,4,4,3,5,5,5,4,4,4,2,2,4,2,2,4,4,4,3,4,4,4,4,4,4,2,5,4,4,4,5,5,2,4,5,5,4,4,4,3,4,3,5,4,4,5,5,5,5,2,4,5,5,4,5,5,62,60,43,37,58,260
Between 18 to 25,Female,Urban,Unmarried,General,Below Poverty Line (BPL),College,Government,Regular mode,Arts,Not Applicable,Third,Graduate,Graduate,No,No,4,2,4,4,2,4,4,4,4,3,2,3,4,2,4,3,4,4,2,3,4,2,4,2,2,2,2,3,2,2,2,3,2,3,2,3,4,3,3,3,4,4,3,4,4,4,4,3,4,2,2,3,3,2,4,2,3,4,4,4,3,2,2,4,2,2,53,45,36,29,38,201
Between 18 to 25,Female,Urban,Unmarried,Other Backward Classes (OBC),Below Poverty Line (BPL),College,Government,Regular mode,Arts,Not Applicable,First,Literate,Literate,No,No,2,2,3,2,2,2,2,2,2,2,2,2,2,2,2,2,2,4,2,2,2,2,4,4,2,4,3,3,2,3,4,2,2,4,4,2,4,2,2,2,4,1,1,4,4,4,4,2,4,2,2,1,3,2,3,2,2,2,2,2,2,2,2,2,2,2,33,47,30,26,27,163
Between 18 to 25,Female,Urban,Unmarried,Other Backward Classes (OBC),Below Poverty Line (BPL),College,Private,Regular mode,Arts,Arts,Fifth,Literate,Literate,No,No,4,2,4,2,2,2,2,2,2,2,2,5,2,4,2,5,2,2,5,2,2,2,2,5,2,4,2,2,2,4,2,2,2,2,2,2,2,2,2,2,2,2,2,2,2,2,2,2,2,2,2,2,2,2,2,2,2,2,2,2,2,2,2,2,2,2,44,44,22,18,26,154
Between 18 to 25,Male,Urban,Unmarried,General,Above Poverty Line (APL),College,Government,Regular mode,Arts,Not done yet,Fifth,Above Graduation,Intermediate,No,No,4,2,2,3,3,5,1,4,4,4,1,3,4,4,5,1,5,2,1,3,1,4,4,4,1,5,3,4,4,2,3,4,5,3,2,2,3,3,2,3,3,3,3,3,3,2,2,4,2,2,2,2,5,4,4,2,3,2,2,2,3,2,2,3,2,2,50,55,30,24,33,192
Between 18 to 25,Female,Rural,Unmarried,General,Below Poverty Line (BPL),College,Government,Regular mode,Arts,Not Applicable,First,Graduate,Intermediate,No,No,4,4,4,5,2,4,2,4,4,2,2,2,4,4,2,2,4,2,4,4,4,2,5,5,2,4,2,4,4,4,2,2,2,4,2,2,5,3,4,2,2,2,3,4,4,2,4,3,2,3,3,2,3,4,2,2,3,4,2,2,2,2,2,1,1,2,51,56,33,26,29,195
Between 18 to 25,Female,Urban,Unmarried,General,Below Poverty Line (BPL),College,Government,Regular mode,Arts,Arts,Third,Intermediate,Intermediate,No,No,4,3,4,4,1,3,3,3,4,3,4,3,4,4,4,4,4,3,3,3,2,2,2,2,2,2,2,2,2,2,2,2,2,3,2,2,2,2,2,2,2,2,2,2,2,2,2,2,3,3,2,1,3,1,1,1,1,1,1,1,1,1,1,1,1,1,55,39,23,20,13,150
Between 18 to 25,Female,Rural,Unmarried,General,Above Poverty Line (APL),College,Government,Regular mode,Arts,Not Applicable,First,Intermediate,Intermediate,No,No,4,4,2,4,2,4,1,1,5,1,5,5,5,4,1,5,2,2,2,5,5,1,2,2,1,2,4,4,4,5,1,1,2,4,4,4,4,2,2,2,2,2,2,4,4,5,5,4,5,2,4,4,4,2,5,2,3,4,4,2,2,4,1,2,2,2,53,45,32,37,35,202
Between 18 to 25,Male,Rural,Unmarried,Scheduled Tribe,Above Poverty Line (APL),College,Government,Regular mode,Arts,Not Applicable,Fifth,Intermediate,Above Graduation,No,No,4,1,4,2,2,4,4,4,4,4,2,4,4,4,4,2,2,2,3,2,2,3,2,4,4,4,2,2,2,2,2,4,4,4,4,3,3,2,2,2,2,2,2,2,5,5,4,2,3,3,3,3,3,3,3,2,2,2,2,2,2,4,4,4,3,3,53,46,28,31,36,194
Between 18 to 25,Male,Rural,Unmarried,General,Antyodaya,College,Government,Regular mode,Arts,Arts,Fifth,Graduate,Graduate,No,No,3,2,3,4,4,4,4,3,4,3,3,4,4,3,4,4,3,3,3,3,3,3,3,3,3,3,3,3,3,3,3,3,3,3,3,3,3,3,3,3,3,3,3,3,3,3,3,3,3,3,3,3,3,3,3,3,3,3,3,3,3,3,3,3,3,3,56,51,33,27,39,206
Between 18 to 25,Female,Rural,Unmarried,Other Backward Classes (OBC),Below Poverty Line (BPL),College,Government,Regular mode,Arts,Arts,Third,Literate,Graduate,No,No,4,5,5,5,5,5,5,5,5,5,5,5,5,5,5,5,5,5,5,5,5,5,5,5,5,5,5,5,5,5,5,5,5,5,5,5,5,5,5,5,5,5,5,5,5,5,5,5,5,5,5,5,5,5,5,5,5,5,5,5,5,5,5,5,5,5,79,85,55,45,65,329
Between 18 to 25,Female,Urban,Unmarried,General,Below Poverty Line (BPL),College,Government,Regular mode,Arts,Arts,First,Literate,Literate,No,No,1,1,1,1,1,1,1,1,1,1,1,1,1,1,1,1,1,1,1,1,1,1,1,1,1,1,1,1,1,1,1,1,1,1,1,1,1,1,1,1,1,1,1,1,1,1,1,1,1,1,1,1,1,1,1,1,1,1,1,1,1,1,1,1,1,1,16,17,11,9,13,66
Between 18 to 25,Female,Rural,Unmarried,General,Antyodaya,University,Government,Regular mode,Arts,Arts,Third,Literate,Literate,No,No,4,4,4,4,4,4,4,4,5,5,5,3,4,3,4,3,5,5,5,5,4,5,3,5,3,4,5,4,4,4,4,3,5,5,2,5,2,5,4,4,4,4,4,2,3,4,2,5,2,4,5,4,5,4,5,3,2,5,3,5,4,5,4,4,5,5,64,73,41,34,54,266
Between 18 to 25,Female,Urban,Unmarried,General,Below Poverty Line (BPL),University,Private,Regular mode,Arts,Arts,Third,Intermediate,Intermediate,No,No,4,2,3,3,2,3,3,3,3,2,2,3,3,3,2,2,2,3,3,3,3,3,3,4,2,3,2,3,3,4,3,3,3,3,3,3,3,3,3,3,3,3,3,3,3,3,3,3,3,3,3,3,3,2,2,2,2,2,2,2,2,2,2,2,2,2,43,50,33,27,26,179
Between 18 to 25,Female,Urban,Unmarried,General,Above Poverty Line (APL),College,Government,Regular mode,Arts,Arts,Third,Graduate,Graduate,No,No,3,3,3,3,3,3,3,3,3,3,3,3,3,3,3,3,5,5,4,4,4,4,4,4,4,4,5,4,5,5,5,4,4,5,5,5,5,5,4,4,4,4,4,4,5,4,5,4,5,4,5,4,4,2,3,3,2,3,3,2,3,3,3,3,2,3,48,74,49,40,35,246
Between 18 to 25,Male,Urban,Unmarried,General,Above Poverty Line (APL),College,Government,Regular mode,Arts,Arts,First,Above Graduation,Graduate,No,No,2,2,2,2,2,2,2,2,2,2,2,2,2,2,2,2,2,2,2,2,2,2,2,2,2,2,2,2,2,2,2,2,2,2,2,2,2,2,2,2,2,2,2,2,3,3,3,3,3,3,3,3,3,3,3,3,3,3,3,3,3,3,3,3,3,3,32,34,22,27,39,154
Between 18 to 25,Female,Rural,Unmarried,General,Above Poverty Line (APL),College,Government,Regular mode,Arts,Arts,First,Intermediate,Intermediate,No,No,4,1,3,4,4,4,4,5,5,2,2,2,4,4,5,2,5,4,2,5,3,2,4,5,1,4,2,4,2,1,1,1,1,4,5,5,4,3,4,5,4,4,4,4,4,4,4,2,4,4,4,4,5,5,5,4,2,4,3,4,2,2,5,2,2,5,55,47,46,35,45,228
Between 18 to 25,Female,Rural,Unmarried,General,Above Poverty Line (APL),College,Government,Regular mode,Arts,Arts,First,Intermediate,Intermediate,No,No,2,2,2,2,2,2,2,2,2,2,2,2,2,3,3,2,5,2,2,4,2,2,4,2,2,2,2,3,2,5,2,2,2,4,2,2,2,2,2,3,3,2,2,2,2,3,2,4,4,2,2,2,3,2,2,2,5,2,2,2,2,5,2,3,4,2,34,45,26,24,35,164
Between 18 to 25,Female,Rural,Unmarried,Scheduled Caste,Below Poverty Line (BPL),College,Government,Regular mode,Arts,Arts,Third,Literate,Literate,No,No,1,4,4,1,2,2,1,1,2,1,2,1,1,1,1,1,1,2,2,2,2,2,2,2,2,2,2,2,2,2,2,2,2,3,3,3,2,2,2,3,2,2,2,2,2,3,2,2,3,2,3,2,3,2,2,2,1,1,2,2,2,2,2,2,2,2,26,33,26,22,24,131
Between 18 to 25,Female,Urban,Unmarried,General,Below Poverty Line (BPL),University,Government,Regular mode,Arts,Arts,First,Literate,Intermediate,No,No,4,2,4,4,2,4,4,1,4,4,4,3,2,4,5,2,4,4,4,5,3,1,3,5,1,4,4,3,2,4,4,4,5,5,5,5,4,3,3,5,5,3,5,5,4,3,5,5,3,5,4,5,3,2,4,4,5,5,5,4,4,5,3,5,5,3,53,60,48,37,54,252
Between 18 to 25,Male,Urban,Unmarried,Scheduled Caste,Above Poverty Line (APL),College,Government,Regular mode,Arts,Not Applicable,Third,Intermediate,Above Graduation,No,No,1,2,4,5,5,5,4,5,5,4,2,4,2,5,5,4,5,4,4,5,5,2,5,1,1,5,2,2,5,5,5,5,5,4,4,2,1,1,1,1,1,1,2,3,4,5,5,5,5,4,2,5,5,5,4,5,4,5,5,5,5,2,5,1,2,1,62,66,21,40,49,238
Between 18 to 25,Male,Urban,Unmarried,General,Antyodaya,College,Government,Regular mode,Arts,Arts,Third,Graduate,Graduate,No,No,4,4,2,3,2,2,3,2,4,3,2,2,4,3,4,2,3,4,2,3,3,2,4,4,2,4,3,4,4,2,2,4,4,4,4,2,4,2,2,4,4,2,3,4,2,4,2,3,3,3,3,2,4,4,4,3,2,4,2,3,4,2,3,2,1,3,46,54,35,26,37,198
Between 18 to 25,Female,Rural,Unmarried,General,Above Poverty Line (APL),University,Government,Regular mode,Arts,Not Applicable,First,Literate,Literate,No,No,3,3,3,3,3,3,3,3,3,3,3,3,3,3,3,3,3,3,3,3,3,3,3,3,3,3,3,3,3,3,3,3,3,3,3,3,3,3,3,3,3,3,3,3,3,3,3,3,3,3,3,3,3,3,3,3,3,3,3,3,3,3,3,3,3,3,48,51,33,27,39,198
Between 18 to 25,Male,Rural,Unmarried,General,Below Poverty Line (BPL),College,Private,Regular mode,Arts,Arts,Fifth,Intermediate,Intermediate,No,No,4,4,4,4,4,4,4,4,4,4,4,4,4,4,4,4,3,3,3,4,3,4,3,3,3,4,3,4,3,4,3,4,4,4,4,4,4,4,4,4,4,4,4,4,4,4,4,4,4,4,4,4,4,4,4,4,4,4,4,4,4,4,4,4,4,4,64,58,44,36,52,254
Between 18 to 25,Female,Rural,Unmarried,Scheduled Caste,Below Poverty Line (BPL),College,Government,Regular mode,Arts,Not Applicable,First,Intermediate,Graduate,No,No,3,4,5,4,4,3,3,2,4,2,3,4,4,3,4,3,4,4,2,2,2,2,2,2,2,2,2,4,3,2,3,3,3,3,4,3,3,2,2,3,4,1,2,4,3,3,4,3,2,3,3,3,3,4,4,4,4,4,4,4,3,4,3,3,3,4,55,44,31,27,48,205
Between 18 to 25,Female,Rural,Unmarried,General,Above Poverty Line (APL),College,Government,Distance mode,Arts,Not Applicable,First,Above Graduation,Graduate,No,No,5,5,5,4,5,4,5,5,4,4,5,4,5,5,5,5,4,4,4,4,5,3,2,5,3,4,3,4,3,4,4,4,4,4,4,4,5,5,4,5,5,5,4,5,3,4,4,3,4,4,3,5,5,2,4,2,4,3,4,2,3,3,2,4,3,4,75,64,50,35,40,264
Between 18 to 25,Female,Urban,Unmarried,General,Below Poverty Line (BPL),College,Government,Regular mode,Arts,Not Applicable,Third,Intermediate,Intermediate,No,No,1,1,4,4,1,4,3,2,3,3,1,1,2,4,4,1,1,4,2,4,4,4,4,4,3,1,4,1,2,4,3,1,1,4,5,1,3,3,1,2,2,2,2,3,4,4,4,4,4,3,1,2,3,4,4,4,4,4,4,4,4,4,4,4,4,4,39,47,28,29,52,195
Between 18 to 25,Male,Urban,Unmarried,General,Above Poverty Line (APL),College,Government,Regular mode,Arts,Not Applicable,Third,Intermediate,Graduate,No,No,3,3,3,2,2,2,4,3,4,4,4,4,4,4,4,4,4,3,3,3,3,4,3,4,2,3,3,4,3,3,3,4,3,3,5,3,5,4,5,4,5,4,5,4,4,5,4,4,4,4,5,4,5,4,4,5,4,5,4,5,4,5,5,4,4,4,54,55,47,39,57,252
Between 18 to 25,Female,Urban,Unmarried,General,Above Poverty Line (APL),College,Government,Regular mode,Arts,Not Applicable,Fifth,Graduate,Above Graduation,No,No,2,2,2,3,1,3,3,2,3,2,2,2,3,2,4,3,4,3,3,2,2,1,1,3,1,4,2,2,2,2,2,1,2,3,4,2,3,2,2,1,2,2,2,3,3,4,3,2,4,2,2,2,4,3,2,2,2,2,3,2,2,2,2,2,2,2,39,37,26,26,28,156
Between 18 to 25,Female,Urban,Unmarried,Scheduled Caste,Above Poverty Line (APL),College,Government,Regular mode,Arts,Not Applicable,First,Literate,Intermediate,No,No,3,5,4,3,5,4,5,2,3,2,1,4,3,5,4,3,5,3,4,4,1,3,3,3,5,2,3,4,3,5,2,5,3,4,3,4,2,2,5,3,3,5,2,4,4,5,3,4,3,4,2,5,3,5,4,3,3,1,2,3,2,4,1,4,3,2,56,58,37,33,37,221
Between 18 to 25,Male,Urban,Unmarried,General,Below Poverty Line (BPL),College,Government,Regular mode,Arts,Not Applicable,Third,Literate,Intermediate,No,No,3,3,2,5,3,4,3,3,3,1,3,3,2,1,2,3,3,2,3,2,3,2,3,2,3,2,3,2,3,3,2,3,3,3,1,2,1,2,3,3,3,1,1,3,2,3,3,1,2,2,2,2,2,5,5,3,3,5,4,4,5,5,4,5,4,5,44,44,23,19,57,187
Between 18 to 25,Male,Rural,Unmarried,General,Above Poverty Line (APL),College,Government,Regular mode,Arts,Not Applicable,First,Graduate,Graduate,No,No,3,3,3,4,3,3,3,3,3,3,3,3,3,3,3,3,3,3,3,3,3,3,3,3,3,3,3,3,3,3,3,3,3,3,3,3,3,3,3,3,3,3,3,3,3,3,3,3,3,3,3,3,3,3,3,3,3,3,3,3,3,3,3,3,3,3,49,51,33,27,39,199
Between 18 to 25,Female,Urban,Unmarried,Other Backward Classes (OBC),Antyodaya,University,Government,Regular mode,Commerce,Arts,First,Literate,Literate,No,No,2,4,2,4,1,4,5,4,2,4,4,4,4,4,2,4,3,3,4,4,4,4,4,4,4,4,4,4,4,4,4,4,4,4,4,4,4,4,4,4,4,4,4,4,4,4,4,4,4,4,4,4,4,4,4,4,4,4,4,4,4,4,4,4,4,4,54,66,44,36,52,252
Between 18 to 25,Male,Urban,Unmarried,General,Below Poverty Line (BPL),College,Government,Regular mode,Science,Not Applicable,Third,Literate,Literate,No,No,3,2,4,4,2,3,4,4,4,2,4,3,3,4,3,5,3,5,3,3,2,2,3,5,4,2,2,2,2,5,4,4,3,2,3,4,4,3,4,4,4,4,4,4,4,3,4,4,2,3,3,1,2,2,3,2,5,5,5,3,2,5,3,4,3,3,54,54,40,26,45,219
Between 18 to 25,Female,Urban,Unmarried,General,Below Poverty Line (BPL),University,Government,Regular mode,Arts,Arts,First,Literate,Literate,No,No,5,3,5,4,3,2,2,3,5,5,4,3,5,1,4,5,5,4,5,1,1,5,3,5,4,1,5,5,4,5,5,4,2,5,1,5,4,1,1,1,1,1,1,1,1,1,1,1,1,1,1,1,1,1,1,1,1,1,1,1,1,1,1,1,1,1,59,64,22,9,13,167
Between 18 to 25,Female,Urban,Unmarried,General,Antyodaya,College,Government,Regular mode,Arts,Arts,Third,Literate,Literate,No,No,2,4,1,2,1,1,1,1,1,1,1,1,1,1,1,1,1,1,4,3,1,1,1,2,1,1,1,1,1,1,1,1,1,1,1,1,1,1,1,1,1,1,1,1,1,1,1,1,1,1,1,1,1,1,1,1,1,1,1,1,1,1,1,1,1,1,21,23,11,9,13,77
Between 18 to 25,Male,Rural,Unmarried,General,Above Poverty Line (APL),College,Government,Regular mode,Arts,Not Applicable,Third,Intermediate,Above Graduation,No,No,2,2,2,2,2,2,2,2,4,4,2,2,2,2,2,2,4,4,2,2,4,2,2,3,2,5,2,2,3,2,2,2,3,2,5,5,5,5,3,3,5,5,5,4,5,5,4,5,5,5,5,4,5,2,2,3,3,5,5,2,2,4,2,3,2,2,36,46,47,43,37,209
Between 18 to 25,Female,Urban,Unmarried,General,Above Poverty Line (APL),College,Government,Regular mode,Arts,Arts,First,Graduate,Graduate,No,No,4,4,2,3,2,4,4,2,2,2,4,2,2,2,2,2,2,2,2,2,2,2,4,2,2,2,2,2,2,1,1,2,2,2,4,2,2,2,2,4,4,2,2,4,2,2,4,2,4,2,2,2,2,2,2,2,2,2,2,2,2,2,2,4,3,3,43,34,30,22,30,159
Between 18 to 25,Male,Urban,Unmarried,General,Antyodaya,University,Government,Regular mode,Arts,Arts,Third,Intermediate,Intermediate,No,No,4,5,4,4,2,3,3,3,3,4,3,3,3,3,3,3,2,2,2,3,2,2,2,2,2,2,2,2,2,2,2,2,2,2,2,2,2,2,2,2,2,2,2,2,2,2,2,2,2,2,2,2,2,2,2,2,2,2,2,2,2,2,2,2,2,2,53,35,22,18,26,154
Between 18 to 25,Female,Rural,Unmarried,General,Below Poverty Line (BPL),College,Government,Regular mode,Arts,Arts,Third,Graduate,Graduate,No,No,4,3,4,4,3,3,3,3,4,4,4,3,3,3,3,5,5,3,4,4,4,4,4,4,3,4,3,3,4,4,4,4,4,4,4,4,5,4,5,4,5,5,4,4,2,2,2,3,5,4,4,4,3,4,4,4,3,3,3,4,3,3,3,4,4,5,56,65,48,29,47,245
Between 18 to 25,Male,Urban,Unmarried,General,Below Poverty Line (BPL),College,Government,Regular mode,Arts,Arts,Fifth,Intermediate,Intermediate,No,No,3,3,4,3,3,3,3,3,4,3,3,3,3,3,3,3,3,4,4,3,3,3,3,3,3,3,3,3,3,3,3,3,3,3,4,3,3,3,3,3,3,3,3,3,3,4,3,3,3,3,3,3,3,3,3,3,3,3,4,3,3,3,3,3,3,3,50,53,34,28,40,205
Between 18 to 25,Female,Rural,Unmarried,General,Below Poverty Line (BPL),College,Private,Regular mode,Arts,Arts,First,Above Graduation,Literate,No,No,5,1,5,2,4,3,5,2,2,5,2,5,3,5,3,4,5,2,5,3,4,2,4,2,5,3,5,2,5,4,3,5,3,2,2,2,2,4,5,2,5,2,5,1,5,3,5,1,5,3,5,2,1,3,5,2,5,2,3,2,5,2,5,4,2,5,56,62,32,30,45,225
Between 18 to 25,Male,Urban,Unmarried,General,Below Poverty Line (BPL),College,Government,Regular mode,Arts,Not Applicable,First,Literate,Literate,No,No,4,2,3,3,2,4,5,4,4,4,3,2,5,5,4,3,5,4,2,3,4,2,3,3,2,3,4,3,4,3,4,3,3,4,4,4,3,4,3,4,4,2,4,4,5,4,3,4,3,3,4,3,2,4,4,4,4,4,4,4,4,4,3,3,2,3,57,55,40,31,47,230
Between 18 to 25,Female,Rural,Unmarried,Scheduled Caste,Below Poverty Line (BPL),College,Government,Regular mode,Arts,Arts,Third,Literate,Literate,No,No,5,4,3,4,5,5,3,5,4,5,4,5,4,5,4,4,5,4,4,5,4,4,3,4,3,4,5,4,3,4,5,4,5,5,4,4,4,4,3,4,4,5,4,5,3,4,4,4,5,3,4,5,4,4,5,3,4,5,4,5,4,4,5,3,4,4,69,70,46,36,54,275
Between 18 to 25,Male,Urban,Unmarried,Other Backward Classes (OBC),Below Poverty Line (BPL),College,Government,Regular mode,Arts,Arts,Fifth,Literate,Literate,No,No,4,4,4,4,2,4,4,2,4,4,2,4,4,4,4,4,4,4,4,4,2,4,4,4,2,2,4,4,4,4,3,2,4,4,4,4,2,2,2,4,4,1,4,4,4,2,3,4,4,4,4,4,3,4,4,4,4,4,4,2,4,4,4,4,2,3,58,59,35,32,47,231
Between 18 to 25,Female,Urban,Unmarried,General,Above Poverty Line (APL),University,Government,Regular mode,Arts,Arts,First,Intermediate,Intermediate,No,No,5,5,5,5,5,5,5,5,5,5,5,5,5,5,5,5,3,3,3,3,3,3,3,5,3,3,5,5,5,5,5,5,5,5,5,5,5,5,5,5,5,5,5,5,5,5,5,5,5,5,5,5,5,5,5,5,5,5,5,5,5,5,5,5,5,5,80,67,55,45,65,312
Between 18 to 25,Female,Rural,Unmarried,General,Below Poverty Line (BPL),College,Private,Regular mode,Arts,Arts,Fifth,Intermediate,Intermediate,No,No,3,5,3,3,3,4,4,3,3,4,4,4,4,4,4,5,3,4,3,2,4,2,4,2,4,2,4,2,3,2,4,3,3,3,3,3,3,2,3,3,3,4,3,3,3,4,5,3,4,3,5,4,3,4,4,4,5,3,5,3,3,3,3,3,3,3,60,51,33,34,46,224
Between 18 to 25,Male,Rural,Unmarried,General,Above Poverty Line (APL),College,Government,Regular mode,Not Applicable,Not Applicable,Third,Literate,Graduate,No,No,4,4,4,5,4,5,4,3,5,4,4,4,3,4,4,3,4,4,4,3,3,4,4,4,3,5,3,5,4,4,4,5,3,5,5,5,4,4,3,4,4,3,4,4,4,4,4,4,4,4,4,3,4,3,4,4,3,4,4,3,3,3,4,2,2,4,64,66,45,35,43,253
Between 18 to 25,Female,Rural,Unmarried,Scheduled Caste,Above Poverty Line (APL),College,Government,Regular mode,Arts,Arts,Third,Above Graduation,Above Graduation,No,No,3,3,4,3,3,3,4,4,3,4,3,3,4,5,3,4,3,4,4,5,4,3,5,4,3,5,4,3,4,4,3,4,4,4,5,3,4,3,4,5,3,5,4,4,5,4,5,3,4,5,3,4,3,3,4,5,4,5,3,5,5,4,4,4,5,3,56,66,44,36,54,256
Between 18 to 25,Male,Rural,Unmarried,General,Below Poverty Line (BPL),College,Government,Regular mode,Arts,Arts,Third,Literate,Literate,No,No,4,4,4,4,4,4,4,4,4,4,4,4,4,4,4,4,4,4,4,4,4,4,4,4,4,4,4,4,4,5,4,4,4,4,4,4,4,4,4,4,4,4,4,4,4,4,4,4,4,4,4,4,4,4,4,4,4,4,4,4,4,4,4,4,4,4,64,69,44,36,52,265
Between 18 to 25,Female,Urban,Unmarried,Scheduled Caste,Below Poverty Line (BPL),College,Government,Regular mode,Arts,Arts,Third,Intermediate,Intermediate,No,No,3,4,3,4,3,4,4,4,4,3,4,4,3,5,4,3,5,4,3,4,5,3,5,4,4,4,3,4,4,5,4,3,4,5,4,4,4,5,5,3,4,5,3,5,5,3,4,5,4,5,4,4,4,5,4,4,4,4,4,4,4,4,4,4,4,4,59,68,47,38,53,265
Between 18 to 25,Male,Rural,Unmarried,General,Below Poverty Line (BPL),University,Government,Regular mode,Arts,Arts,Fifth,Literate,Literate,No,No,4,2,2,1,4,4,4,3,3,5,1,2,1,4,4,1,4,4,2,4,5,3,5,2,1,4,3,2,3,2,2,2,2,3,4,2,5,3,1,2,5,3,4,3,4,3,4,4,2,2,2,4,3,4,4,1,2,1,2,1,2,2,2,3,2,3,45,50,35,28,29,187
Between 18 to 25,Female,Urban,Unmarried,General,Above Poverty Line (APL),College,Government,Regular mode,Arts,Arts,Third,Intermediate,Intermediate,No,No,4,4,4,4,4,4,4,4,4,4,4,4,4,4,4,4,4,4,4,4,4,4,4,4,4,4,4,4,4,4,4,4,4,4,4,4,4,4,4,4,4,4,4,4,4,4,4,4,4,4,4,4,4,4,4,4,4,4,4,4,4,4,4,4,4,4,64,68,44,36,52,264
Between 18 to 25,Female,Rural,Unmarried,General,Below Poverty Line (BPL),College,Government,Regular mode,Arts,Arts,Fifth,Literate,Literate,No,No,3,3,3,3,3,3,4,4,4,4,4,3,4,3,4,3,3,3,4,4,3,4,4,4,3,4,4,3,3,3,3,4,4,4,4,3,4,3,3,4,3,3,4,4,3,4,4,4,4,3,3,3,3,4,3,4,3,4,4,4,3,4,3,4,3,4,55,60,39,31,47,232
Between 18 to 25,Female,Urban,Unmarried,Scheduled Caste,Above Poverty Line (APL),University,Government,Regular mode,Arts,Arts,First,Literate,Literate,No,No,2,2,2,2,2,2,2,2,2,2,2,2,2,2,2,2,2,2,2,2,2,2,2,2,2,2,2,2,2,2,2,2,2,2,2,2,2,2,2,2,2,2,2,2,2,2,2,2,2,2,2,2,2,2,2,2,2,2,2,2,2,2,2,2,2,2,32,34,22,18,26,132
Between 18 to 25,Female,Rural,Unmarried,General,Below Poverty Line (BPL),University,Government,Regular mode,Arts,Arts,Fifth,Intermediate,Intermediate,No,No,3,3,3,3,3,3,3,2,2,2,1,2,3,3,2,2,1,1,3,1,3,2,1,2,2,3,1,3,3,3,1,1,1,3,1,3,3,1,3,1,3,3,1,3,1,3,1,1,3,1,3,1,3,1,2,3,2,1,3,3,3,1,1,1,1,3,40,32,25,17,25,139
Between 18 to 25,Male,Urban,Unmarried,Other Backward Classes (OBC),Above Poverty Line (APL),College,Government,Regular mode,Arts,Arts,Fifth,Graduate,Graduate,No,No,4,2,4,4,2,4,4,2,2,4,2,4,4,4,4,4,4,2,5,3,5,3,5,5,1,5,4,5,3,5,3,5,3,5,3,4,4,3,4,3,4,3,4,3,5,1,5,3,5,3,4,4,3,5,3,4,3,4,3,4,3,4,2,4,4,2,54,66,40,33,45,238
Between 18 to 25,Female,Urban,Unmarried,Scheduled Caste,Above Poverty Line (APL),College,Government,Regular mode,Arts,Arts,First,Above Graduation,Graduate,No,No,3,2,1,2,5,2,5,2,3,3,1,1,3,3,3,2,5,2,4,2,3,1,4,2,3,5,3,1,1,3,3,2,1,4,3,3,3,3,3,5,4,2,4,4,4,3,1,4,4,3,2,5,5,3,3,2,4,3,4,5,3,3,4,3,1,3,41,45,38,31,41,196
Between 18 to 25,Female,Urban,Unmarried,General,Above Poverty Line (APL),College,Government,Regular mode,Arts,Not Applicable,Fifth,Intermediate,Intermediate,No,No,4,2,3,3,5,3,3,4,3,4,4,3,4,3,4,4,4,4,4,4,4,4,4,4,4,4,4,4,4,4,4,4,4,4,4,4,4,4,4,4,4,4,4,4,4,4,4,4,4,4,4,4,4,4,4,4,4,4,4,4,4,4,4,4,4,4,56,68,44,36,52,256
Between 18 to 25,Male,Rural,Unmarried,General,Above Poverty Line (APL),College,Government,Regular mode,Arts,Not Applicable,Fifth,Literate,Literate,No,No,4,2,2,2,3,3,3,4,4,3,2,4,3,4,3,2,4,2,2,4,3,2,3,2,3,2,4,2,4,3,3,3,3,3,4,2,4,4,4,2,2,2,2,4,4,4,4,5,5,5,5,5,5,3,4,2,3,2,2,4,3,3,3,3,3,4,48,49,33,42,39,211
Between 18 to 25,Female,Rural,Unmarried,General,Below Poverty Line (BPL),College,Government,Regular mode,Arts,Not Applicable,First,Above Graduation,Graduate,No,No,4,4,4,2,2,4,4,4,4,3,2,1,4,4,2,2,2,4,2,4,2,2,4,2,2,3,4,2,4,3,4,2,2,4,2,3,4,2,4,2,4,2,2,4,5,2,3,2,2,2,3,2,2,4,2,2,2,4,2,2,2,2,2,2,2,2,50,48,33,23,30,184
Between 18 to 25,Male,Rural,Unmarried,Scheduled Caste,Above Poverty Line (APL),University,Government,Regular mode,Arts,Arts,Fifth,Literate,Literate,No,No,4,4,4,4,4,4,4,5,5,4,5,4,4,4,5,5,5,5,4,3,4,5,4,4,4,3,5,5,5,4,4,3,3,1,1,1,4,4,5,5,1,4,2,5,4,4,5,5,3,5,2,5,3,4,4,2,5,4,5,5,2,5,2,5,2,2,69,70,33,36,47,255
Between 18 to 25,Female,Rural,Unmarried,Other Backward Classes (OBC),Above Poverty Line (APL),University,Government,Regular mode,Arts,Arts,Fifth,Intermediate,Intermediate,No,No,2,2,4,2,3,4,3,4,4,2,2,2,4,2,4,2,2,4,4,5,2,2,4,4,2,2,2,4,2,2,2,2,2,2,4,2,2,2,2,2,2,4,2,4,2,2,4,2,4,4,4,2,4,4,5,4,2,3,4,3,4,2,2,3,2,2,46,47,28,28,40,189
Between 18 to 25,Female,Rural,Unmarried,General,Below Poverty Line (BPL),College,Government,Regular mode,Arts,Arts,First,Intermediate,Graduate,No,No,4,4,5,5,3,5,5,5,3,4,4,4,4,3,4,4,4,4,4,4,3,3,4,4,4,4,4,4,4,4,4,4,3,3,3,5,4,4,4,4,3,3,4,5,5,3,4,4,3,5,4,5,5,5,3,4,5,3,3,3,5,5,3,5,3,5,66,65,42,38,52,263
Between 18 to 25,Female,Rural,Unmarried,General,Antyodaya,College,Government,Regular mode,Arts,Not Applicable,Fifth,Literate,Intermediate,No,No,4,4,3,5,3,4,5,3,2,5,4,5,5,4,5,4,3,3,5,3,5,4,5,4,5,5,4,4,5,3,5,4,4,4,4,3,4,5,4,5,4,5,5,4,5,4,3,4,3,4,5,4,4,3,4,3,4,4,4,4,3,4,4,4,4,3,65,71,47,36,48,267
Between 18 to 25,Female,Urban,Unmarried,Scheduled Caste,Below Poverty Line (BPL),College,Private,Regular mode,Arts,Arts,Third,Literate,Intermediate,No,No,2,2,2,2,2,2,2,2,4,2,2,2,2,2,2,2,2,2,4,2,2,2,3,4,2,2,2,2,2,2,2,2,2,5,4,2,2,2,2,2,2,2,2,2,2,2,2,2,2,2,2,2,2,2,2,2,2,2,2,2,2,2,2,2,2,2,34,39,27,18,26,144
Between 18 to 25,Female,Rural,Unmarried,Other Backward Classes (OBC),Antyodaya,College,Government,Regular mode,Arts,Not Applicable,First,Literate,Intermediate,No,No,4,2,2,5,4,3,3,4,4,4,2,4,2,4,3,4,4,2,3,4,5,3,3,4,3,4,3,4,3,4,3,4,4,3,3,4,3,4,2,5,3,4,2,5,5,4,5,3,4,3,4,2,5,4,4,4,5,3,4,5,4,4,5,4,5,4,54,60,38,35,55,242
Between 18 to 25,Female,Urban,Unmarried,General,Antyodaya,College,Government,Regular mode,Arts,Arts,First,Intermediate,Intermediate,No,No,4,3,4,5,4,4,4,5,4,3,3,3,4,3,2,4,4,5,4,4,3,2,2,4,2,2,4,3,3,2,3,4,4,4,4,3,3,2,2,2,2,3,4,4,3,3,3,3,3,4,4,4,4,2,2,2,2,3,4,2,4,4,2,2,2,2,59,55,33,31,33,211
Between 18 to 25,Female,Urban,Unmarried,General,Above Poverty Line (APL),College,Government,Regular mode,Arts,Arts,Third,Literate,Literate,No,No,4,4,4,4,3,4,3,2,3,2,2,2,4,2,3,3,3,3,4,3,2,2,2,4,2,2,2,4,2,2,2,3,2,2,2,2,3,2,2,2,2,3,4,3,2,2,2,3,2,4,2,2,4,2,4,2,2,4,4,2,2,2,2,4,2,2,49,44,27,23,34,177
Between 18 to 25,Female,Urban,Unmarried,General,Below Poverty Line (BPL),University,Private,Regular mode,Arts,Arts,Third,Literate,Literate,No,No,5,5,4,4,3,4,5,4,3,3,3,5,3,4,3,3,5,4,4,4,3,3,3,3,4,4,4,3,5,4,3,5,4,4,4,3,4,2,4,5,5,4,3,3,4,4,5,3,3,5,4,4,4,4,3,4,4,3,3,4,2,4,5,4,3,3,61,65,41,36,46,249
Between 18 to 25,Male,Urban,Unmarried,General,Below Poverty Line (BPL),College,Government,Regular mode,Arts,Non,Third,Intermediate,Above Graduation,No,No,1,1,1,1,1,1,1,1,1,1,1,1,1,1,1,1,1,1,1,1,1,1,1,1,1,1,1,1,1,1,1,1,1,1,1,1,1,1,1,1,1,1,1,1,2,2,2,2,2,2,2,2,2,2,2,2,2,2,2,2,2,2,2,2,2,2,16,17,11,18,26,88
Between 18 to 25,Male,Urban,Unmarried,General,Below Poverty Line (BPL),College,Government,Regular mode,Arts,Not Applicable,Fifth,Literate,Intermediate,No,No,4,4,4,4,4,4,2,4,4,4,2,2,2,3,3,3,4,2,4,4,4,4,4,4,4,4,4,4,4,4,4,4,4,4,4,4,4,4,4,4,4,4,4,4,4,4,4,4,4,4,4,4,4,4,4,4,4,4,4,4,4,4,4,4,4,4,53,66,44,36,52,251
Between 18 to 25,Male,Rural,Unmarried,Scheduled Tribe,Below Poverty Line (BPL),College,Government,Regular mode,Arts,Arts,Third,Literate,Literate,No,No,5,3,5,5,5,5,5,4,5,5,5,5,5,5,5,5,5,5,5,5,5,5,5,5,5,5,5,5,5,5,5,5,5,5,5,5,5,5,5,5,5,5,5,5,5,5,5,5,5,5,5,5,5,5,5,5,5,5,5,5,5,5,5,5,5,5,77,85,55,45,65,327
Between 18 to 25,Female,Urban,Unmarried,General,Above Poverty Line (APL),University,Government,Regular mode,Arts,Not Applicable,Third,Literate,Above Graduation,No,No,2,2,1,1,1,1,1,1,1,2,2,2,2,1,2,2,4,3,1,1,2,1,4,1,1,4,2,2,1,1,1,1,1,1,1,1,1,1,1,1,1,1,1,1,1,1,1,4,1,1,1,2,3,1,1,1,1,1,1,1,1,2,1,1,1,1,24,31,11,15,14,95
Between 18 to 25,Female,Rural,Married,General,Below Poverty Line (BPL),College,Government,Distance mode,Arts,Arts,First,Literate,Literate,No,No,4,2,4,1,1,4,4,1,1,4,1,1,1,4,2,2,4,4,5,2,2,2,4,4,2,4,4,4,4,4,4,4,2,4,4,4,4,4,4,4,4,4,4,4,4,2,4,4,2,4,4,3,4,4,4,3,3,3,3,4,4,4,3,3,3,5,37,59,44,31,46,217
Between 18 to 25,Female,Rural,Unmarried,General,Above Poverty Line (APL),University,Government,Regular mode,Arts,Arts,Fifth,Literate,Literate,No,No,3,4,4,2,4,3,4,4,2,3,4,4,4,4,4,4,4,2,2,2,3,4,2,4,2,2,3,4,4,2,4,4,3,4,4,2,4,3,4,4,4,4,4,4,4,4,3,3,3,4,4,4,4,4,4,4,4,4,3,4,4,3,3,4,3,4,57,51,41,33,48,230
Between 18 to 25,Male,Rural,Unmarried,Scheduled Caste,Above Poverty Line (APL),College,Private,Regular mode,B.A,B.A,Forth,Intermediate,Intermediate,No,No,5,2,4,3,2,4,4,4,4,2,2,2,2,4,2,2,3,3,2,3,2,2,4,4,2,4,2,2,2,4,2,3,2,3,3,3,3,2,2,2,3,2,2,4,4,2,2,2,4,2,2,2,2,2,4,2,2,4,4,2,2,2,2,3,3,2,48,46,29,22,34,179
Between 18 to 25,Female,Rural,Unmarried,General,Below Poverty Line (BPL),College,Government,Regular mode,Arts,Arts,Fifth,Intermediate,Intermediate,No,No,4,2,2,4,2,4,2,2,4,2,2,2,2,2,4,2,4,2,2,4,4,2,4,3,2,5,5,2,4,5,4,4,2,4,4,4,2,2,2,2,2,2,2,4,4,5,2,3,5,4,4,4,5,2,2,2,4,2,4,2,2,2,2,4,2,2,42,58,30,36,32,198
Between 18 to 25,Female,Rural,Unmarried,General,Below Poverty Line (BPL),College,Government,Regular mode,Arts,Not Applicable,First,Literate,Literate,No,No,5,4,2,1,2,5,5,5,5,5,3,4,3,4,1,2,5,3,4,3,3,1,5,4,2,4,2,4,4,5,4,3,4,3,4,3,3,4,1,3,4,3,4,4,5,3,5,4,5,5,4,4,4,5,4,2,1,4,4,4,3,5,3,4,3,5,56,60,36,39,47,238
Between 18 to 25,Male,Rural,Unmarried,General,Above Poverty Line (APL),College,Government,Regular mode,Arts,Not Applicable,Fifth,Literate,Literate,No,No,4,1,2,2,1,4,2,2,4,2,1,2,3,3,3,3,4,3,4,3,3,3,3,3,2,3,3,3,3,3,3,3,3,3,3,3,3,3,3,3,3,3,3,3,3,3,3,3,3,3,3,3,3,3,3,3,3,3,3,3,3,3,3,3,3,3,39,52,33,27,39,190
Between 18 to 25,Female,Rural,Unmarried,General,Antyodaya,College,Government,Regular mode,Arts,Arts,Fifth,Literate,Literate,No,No,4,1,3,3,5,5,4,5,4,2,2,2,4,2,3,3,4,4,4,3,2,4,4,4,2,2,3,4,2,3,2,3,2,4,5,4,4,2,2,4,3,2,2,4,3,2,4,4,4,4,2,2,3,2,4,2,4,2,4,2,2,4,2,4,2,2,52,52,36,28,36,204
Between 18 to 25,Female,Urban,Unmarried,Other Backward Classes (OBC),Below Poverty Line (BPL),College,Government,Regular mode,Arts,Arts,First,Literate,Literate,No,No,3,3,3,3,3,3,3,3,3,3,3,3,3,3,3,3,3,3,3,3,3,3,3,3,3,3,3,3,3,3,3,3,3,3,3,3,3,3,3,3,3,3,3,3,3,3,3,3,3,3,3,3,3,3,3,3,3,3,3,3,3,3,3,3,3,3,48,51,33,27,39,198
Between 18 to 25,Female,Rural,Unmarried,General,Antyodaya,College,Government,Regular mode,Arts,Not Applicable,First,Literate,Literate,No,No,4,3,5,4,3,5,4,5,5,5,3,4,5,3,4,3,4,4,3,2,1,1,1,4,1,3,4,5,4,3,2,3,3,5,5,4,5,3,3,5,4,5,5,5,2,2,3,2,4,4,2,3,3,1,1,1,1,1,1,1,2,1,1,1,1,1,65,48,49,25,14,201
Between 18 to 25,Female,Rural,Unmarried,General,Above Poverty Line (APL),College,Private,Regular mode,Arts,Not Applicable,First,Intermediate,Intermediate,No,No,4,2,4,2,3,4,2,2,4,2,2,1,4,3,4,2,2,4,4,4,2,2,4,4,2,2,2,4,2,2,2,4,2,4,4,4,3,4,4,4,4,2,4,2,2,3,4,2,2,2,4,4,4,2,2,2,2,2,4,2,2,1,1,1,1,1,45,48,39,27,23,182
Between 18 to 25,Female,Urban,Unmarried,General,Above Poverty Line (APL),College,Private,Regular mode,Arts,Arts,Fifth,Literate,Intermediate,No,No,4,3,4,3,3,3,3,4,4,3,3,4,3,4,3,4,3,4,3,3,3,3,3,3,3,4,4,4,3,5,4,4,4,5,4,3,5,4,5,3,4,4,3,4,4,3,3,5,5,4,4,4,3,3,5,3,4,3,4,3,4,3,3,3,3,3,55,60,44,35,44,238
Between 18 to 25,Male,Rural,Unmarried,General,Below Poverty Line (BPL),College,Government,Regular mode,Arts,Arts,First,Graduate,Graduate,No,No,2,4,4,4,2,4,4,2,2,4,3,4,2,2,2,2,3,3,3,3,3,3,3,3,3,3,3,3,3,3,4,3,3,4,4,2,3,2,3,3,3,2,2,4,3,3,3,3,3,3,3,3,3,2,2,1,1,4,2,2,2,2,2,2,3,3,47,52,32,27,28,186
Between 18 to 25,Female,Rural,Unmarried,General,Below Poverty Line (BPL),College,Government,Regular mode,Arts,Arts,Fifth,Literate,Literate,No,No,5,3,4,2,1,4,2,4,4,2,2,2,2,4,3,2,4,4,4,4,4,3,2,4,2,2,4,4,2,4,2,4,2,4,4,4,4,5,4,2,4,4,5,5,2,3,4,4,5,2,2,4,2,2,5,4,5,4,5,4,2,4,2,4,4,2,46,55,45,28,47,221
Between 18 to 25,Female,Rural,Unmarried,Scheduled Caste,Above Poverty Line (APL),College,Government,Distance mode,Arts,Arts,First,Literate,Intermediate,No,No,3,3,4,4,3,3,4,4,3,3,3,4,4,3,3,3,3,4,3,3,3,3,3,3,3,3,3,3,4,3,4,4,4,5,4,4,4,4,3,4,4,3,4,4,3,4,5,3,4,4,3,3,4,4,5,3,3,4,3,3,4,4,3,3,3,3,54,56,43,33,45,231
Between 18 to 25,Female,Urban,Unmarried,Scheduled Tribe,Above Poverty Line (APL),College,Government,Regular mode,Arts,Not Applicable,Fifth,Intermediate,Literate,No,No,2,3,2,3,2,1,2,4,3,3,3,3,4,2,3,2,2,2,2,2,2,3,3,4,2,2,4,3,3,3,3,3,3,4,4,5,4,4,3,2,5,2,4,4,3,3,3,4,5,4,3,4,2,3,5,3,3,4,4,3,5,3,3,3,3,3,42,46,41,31,45,205
Between 18 to 25,Male,Rural,Unmarried,General,Below Poverty Line (BPL),College,Private,Regular mode,Science,Arts,Fifth,Intermediate,Graduate,No,No,4,4,2,2,2,4,5,2,4,2,2,4,2,2,2,4,2,2,2,5,5,5,5,2,2,2,2,2,5,5,2,2,5,2,2,2,2,2,2,2,5,2,2,2,2,2,2,2,5,2,5,5,5,2,2,2,2,2,2,2,2,2,2,2,2,2,47,55,25,30,26,183
Between 18 to 25,Female,Urban,Unmarried,General,Below Poverty Line (BPL),College,Government,Regular mode,Arts,Arts,Third,Literate,Graduate,No,No,1,1,1,1,1,1,1,1,1,1,1,2,2,2,2,2,2,2,2,3,3,3,3,3,3,3,3,3,3,3,3,3,3,2,2,2,2,2,2,2,2,2,2,2,2,2,2,2,2,2,2,2,2,2,2,3,3,3,3,3,3,3,3,3,3,3,21,48,22,18,37,146
Between 18 to 25,Female,Urban,Unmarried,General,Above Poverty Line (APL),College,Government,Distance mode,Arts,Not Applicable,Third,Intermediate,Intermediate,No,No,4,4,4,2,2,4,2,2,2,4,4,2,2,2,2,2,4,4,2,2,3,3,3,2,1,1,2,2,2,2,2,2,2,4,4,4,4,2,2,2,2,2,2,4,2,2,4,4,2,4,2,4,4,2,4,1,3,2,4,2,4,2,1,2,2,4,44,39,32,28,33,176
Between 18 to 25,Male,Rural,Unmarried,Scheduled Caste,Above Poverty Line (APL),College,Government,Regular mode,Arts,Arts,Third,Intermediate,Graduate,No,No,4,4,4,4,4,4,4,4,4,4,4,4,4,4,4,4,4,4,4,4,4,4,4,4,4,4,4,4,4,4,4,4,4,4,4,4,4,4,4,4,4,4,4,4,4,4,4,4,4,4,4,4,4,4,4,4,4,4,4,4,4,4,4,4,4,4,64,68,44,36,52,264
Between 18 to 25,Male,Rural,Unmarried,Scheduled Caste,Below Poverty Line (BPL),College,Government,Regular mode,Arts,Not Applicable,Third,Literate,Literate,No,No,3,5,2,2,1,1,2,2,2,2,2,2,3,2,2,3,2,2,2,4,2,2,2,2,2,2,4,3,3,4,4,4,3,2,4,2,2,2,4,2,4,2,2,4,3,3,3,2,4,4,2,2,2,4,4,2,4,4,5,3,3,5,3,5,5,3,36,47,30,25,50,188
Between 18 to 25,Female,Urban,Unmarried,Other Backward Classes (OBC),Antyodaya,University,Private,Distance mode,Not Applicable,Not Applicable,Third,Intermediate,Intermediate,No,No,4,4,4,4,4,4,4,4,4,4,4,4,4,4,4,4,4,4,4,4,4,4,4,4,4,4,4,4,4,4,4,4,4,4,4,4,4,4,4,4,4,4,4,4,4,4,4,4,4,4,4,4,4,4,4,4,4,4,4,4,4,4,4,4,4,4,64,68,44,36,52,264
Between 18 to 25,Male,Rural,Unmarried,General,Below Poverty Line (BPL),College,Government,Regular mode,Arts,Arts,First,Literate,Literate,No,No,4,4,4,5,4,3,5,4,4,5,3,5,4,4,4,4,4,4,4,4,4,4,4,4,4,5,5,3,3,5,4,4,3,5,4,5,4,5,3,5,4,4,5,4,4,5,4,5,4,4,4,4,5,5,4,4,5,3,5,3,5,3,5,3,3,5,66,68,48,39,53,274
Between 18 to 25,Female,Rural,Unmarried,General,Below Poverty Line (BPL),College,Government,Regular mode,Arts,Not Applicable,Fifth,Intermediate,Intermediate,No,No,4,3,4,4,3,3,4,4,4,4,3,2,3,2,4,2,3,3,2,3,2,3,3,4,3,2,2,4,3,4,3,3,3,4,4,4,4,4,4,3,4,3,3,4,3,2,2,3,3,3,3,4,3,3,4,3,3,4,2,2,3,2,3,4,2,3,53,50,41,26,38,208
Between 18 to 25,Female,Urban,Unmarried,General,Below Poverty Line (BPL),College,Government,Regular mode,Arts,Arts,First,Literate,Literate,No,No,4,2,4,4,2,2,4,4,2,2,4,4,4,4,2,2,4,4,4,2,2,4,4,4,2,2,2,2,2,2,2,2,4,2,2,4,4,4,2,4,2,3,3,4,3,3,3,3,3,3,3,3,3,3,3,3,3,3,3,3,3,3,3,3,3,3,50,48,34,27,39,198
Between 18 to 25,Female,Rural,Unmarried,General,Above Poverty Line (APL),University,Private,Regular mode,Not Applicable,Not Applicable,Third,Intermediate,Intermediate,No,No,4,2,4,3,3,4,3,3,4,3,3,4,4,4,4,3,2,4,2,3,3,2,3,4,3,3,4,4,3,3,3,4,3,4,4,3,2,3,2,4,4,2,3,3,3,3,3,3,4,3,3,3,3,2,4,3,3,2,4,2,2,4,2,3,4,3,55,53,34,28,38,208
Between 18 to 25,Male,Rural,Unmarried,General,Below Poverty Line (BPL),College,Private,Regular mode,Arts,Arts,Fifth,Literate,Literate,No,No,4,2,4,2,3,4,4,4,4,2,3,4,4,4,2,2,5,5,5,2,5,2,2,2,2,5,5,5,5,5,5,5,5,4,4,2,3,4,4,5,5,4,5,5,4,5,5,5,5,5,5,5,5,2,5,2,5,2,2,2,5,2,2,4,4,2,52,70,45,44,39,250
Between 18 to 25,Female,Rural,Unmarried,Other Backward Classes (OBC),Above Poverty Line (APL),College,Government,Regular mode,Arts,Arts,Third,Intermediate,Intermediate,No,No,3,3,3,3,3,3,4,3,3,3,3,3,3,3,3,3,3,3,4,3,3,3,3,3,3,3,3,3,3,3,3,3,3,3,3,3,3,3,3,3,3,3,3,3,3,3,3,3,3,3,3,3,3,3,3,3,3,3,3,3,3,3,3,3,3,3,49,52,33,27,39,200
Between 18 to 25,Male,Urban,Unmarried,General,Below Poverty Line (BPL),College,Government,Regular mode,Arts,Arts,First,Literate,Literate,No,No,3,3,3,3,3,3,3,3,3,3,3,3,3,3,3,3,3,3,3,3,3,3,3,3,3,3,3,3,3,3,3,3,3,3,3,3,3,3,3,3,3,3,3,3,3,3,3,3,3,3,3,3,3,3,3,3,3,3,3,3,3,3,3,3,3,3,48,51,33,27,39,198
Between 18 to 25,Female,Rural,Unmarried,General,Below Poverty Line (BPL),College,Government,Regular mode,Arts,Not Applicable,Fifth,Literate,Literate,No,No,3,4,4,3,3,4,4,2,3,4,3,3,4,4,4,4,4,4,2,4,4,4,4,4,2,4,4,4,3,4,3,4,3,4,3,4,3,4,3,4,4,4,4,4,4,4,4,3,3,4,4,3,4,4,4,3,4,4,4,4,3,4,4,4,4,4,56,61,41,33,50,241
Between 18 to 25,Female,Rural,Unmarried,General,Below Poverty Line (BPL),College,Private,Regular mode,Arts,Arts,First,Literate,Literate,No,No,3,4,4,3,3,3,3,4,4,3,3,3,3,3,3,3,3,3,3,3,3,3,3,3,3,3,3,3,3,3,3,3,3,3,3,3,3,3,3,3,3,3,3,3,3,3,3,3,3,3,3,3,3,3,3,3,3,3,3,3,3,3,3,3,3,3,52,51,33,27,39,202
Between 18 to 25,Male,Rural,Unmarried,General,Antyodaya,College,Private,Distance mode,Arts,Not Applicable,Third,Literate,Literate,No,No,4,4,3,3,1,4,4,4,4,4,4,4,4,4,4,4,4,4,4,4,4,4,4,4,4,4,4,4,4,4,4,4,4,4,4,4,4,4,4,4,4,4,4,4,4,4,4,4,4,4,4,4,4,4,4,4,4,4,4,4,4,4,4,4,4,4,59,68,44,36,52,259
Between 18 to 25,Male,Rural,Unmarried,Other Backward Classes (OBC),Below Poverty Line (BPL),University,Government,Regular mode,Computer Science,Not Applicable,Eighth,Intermediate,Literate,No,No,4,3,4,3,4,5,5,5,5,2,3,2,5,5,5,5,5,5,3,2,3,1,4,4,2,5,4,3,4,4,4,4,4,5,5,3,2,2,4,2,4,1,2,4,4,5,4,4,2,2,2,4,5,2,4,4,4,5,5,2,2,4,5,1,4,5,65,61,34,32,47,239
Between 18 to 25,Female,Rural,Married,General,Above Poverty Line (APL),University,Government,Distance mode,Arts,Arts,Third,Intermediate,Intermediate,No,No,4,3,3,3,3,2,2,4,3,3,3,2,3,2,2,2,2,2,2,2,2,3,3,2,3,2,3,3,3,4,3,2,2,2,2,2,2,2,2,2,2,2,2,2,2,3,2,2,2,2,2,3,2,3,2,2,2,2,2,2,2,2,2,2,2,2,44,43,22,20,27,156
Between 18 to 25,Male,Urban,Unmarried,Other Backward Classes (OBC),Above Poverty Line (APL),University,Government,Regular mode,Computer Science,Not Applicable,Sixth,Intermediate,Intermediate,No,No,2,4,4,4,4,5,3,4,4,4,1,4,1,2,3,4,4,4,2,3,2,2,2,5,1,2,4,4,3,4,3,4,3,4,4,2,4,3,3,4,3,2,3,4,4,4,2,3,2,4,4,4,4,2,4,3,2,2,4,1,2,2,2,2,1,1,53,52,36,31,28,200
Between 18 to 25,Male,Rural,Unmarried,Scheduled Caste,Antyodaya,College,Private,Regular mode,Arts,M.A yoga ,Second,Intermediate,Intermediate,No,No,2,2,2,3,2,2,2,2,3,2,2,2,2,2,2,2,2,2,3,2,2,2,3,3,2,2,2,2,2,2,2,2,2,2,2,2,2,2,2,2,2,2,2,2,2,2,2,2,2,2,2,2,2,2,4,2,4,4,4,2,3,4,2,3,2,5,34,37,22,18,41,152
Between 18 to 25,Male,Rural,Unmarried,Other Backward Classes (OBC),Above Poverty Line (APL),University,Government,Regular mode,Computer Science,Not Applicable,Sixth,Above Graduation,Above Graduation,No,No,2,3,2,3,4,2,3,2,3,4,3,4,2,3,3,3,5,3,3,3,3,2,3,3,2,2,3,3,3,4,3,3,3,4,4,2,3,2,1,2,2,1,2,4,3,4,2,3,3,4,4,3,4,2,3,2,3,3,3,3,3,2,2,3,2,4,46,51,27,30,35,189
Between 18 to 25,Female,Urban,Unmarried,Other Backward Classes (OBC),Below Poverty Line (BPL),College,Government,Regular mode,Arts,Arts,Second,Literate,Graduate,No,No,2,2,3,2,2,3,2,2,3,2,2,2,2,2,2,2,2,2,2,2,2,2,2,2,2,2,2,4,3,2,2,4,4,4,4,2,2,2,2,2,2,2,2,2,2,2,2,2,2,2,2,4,2,2,2,2,4,2,4,2,2,2,2,2,2,2,35,41,26,20,30,152
Between 18 to 25,Male,Rural,Unmarried,General,Below Poverty Line (BPL),University,Government,Regular mode,Computer Science,Computer Science,Sixth,Graduate,Above Graduation,No,No,3,4,4,5,4,3,2,3,1,2,4,5,1,5,2,4,5,5,4,3,3,1,3,3,2,1,5,4,3,1,3,3,3,4,5,2,2,2,4,5,5,3,5,5,5,3,1,1,1,1,5,5,5,3,3,3,4,4,5,1,2,4,2,2,1,1,52,52,42,27,35,208
Between 18 to 25,Male,Rural,Unmarried,Scheduled Caste,Above Poverty Line (APL),University,Government,Regular mode,Computer Science,Computer Science,Eighth,Literate,Literate,No,No,2,4,2,4,2,2,4,3,2,2,4,2,2,4,3,4,3,3,3,3,3,3,4,4,4,4,3,3,4,4,4,4,4,3,3,3,3,3,4,2,2,2,4,4,4,4,2,3,4,2,3,4,4,4,4,2,3,2,3,2,4,2,2,2,2,2,46,60,33,30,34,203
Between 18 to 25,Female,Rural,Unmarried,General,Above Poverty Line (APL),College,Government,Regular mode,Arts,Arts,Forth,Literate,Literate,No,No,4,4,2,2,2,4,4,3,4,2,2,2,3,3,4,4,3,3,2,2,2,2,2,2,1,1,1,1,1,3,4,2,3,4,2,2,2,2,2,2,2,2,2,4,2,2,2,1,1,2,2,2,1,1,2,1,4,1,2,2,2,2,1,2,1,1,49,35,26,15,22,147
Between 18 to 25,Male,Rural,Unmarried,Scheduled Tribe,Above Poverty Line (APL),University,Government,Regular mode,Computer Science,Not Applicable,Sixth,Intermediate,Graduate,No,No,1,1,5,1,5,4,3,3,1,5,3,4,3,4,4,1,5,2,1,1,1,1,1,2,1,5,4,2,2,2,1,1,1,1,5,5,1,1,5,1,1,1,2,2,4,5,4,4,2,4,4,1,5,2,4,3,5,2,4,2,5,4,4,5,1,2,48,33,25,33,43,182
Between 18 to 25,Male,Urban,Unmarried,Other Backward Classes (OBC),Above Poverty Line (APL),University,Government,Regular mode,Mechanical engineering ,Not Applicable,Sixth,Literate,Intermediate,No,No,1,1,5,1,5,4,3,3,1,5,3,4,3,5,5,1,5,1,1,1,1,1,1,1,1,5,5,1,1,1,1,1,1,1,5,1,1,1,5,1,1,1,1,1,1,5,1,5,1,4,4,1,5,1,5,3,5,4,4,1,4,5,4,5,1,1,50,29,19,27,43,168
Between 18 to 25,Male,Rural,Unmarried,General,Above Poverty Line (APL),University,Government,Distance mode,Arts,Arts,Second,Literate,Intermediate,No,No,5,3,1,1,2,5,1,1,3,1,1,2,1,3,1,2,5,1,2,5,5,3,5,4,2,2,2,2,2,4,2,2,2,2,2,2,5,1,2,1,1,1,1,1,1,5,1,4,4,4,1,1,4,1,1,1,4,4,4,2,1,4,1,2,1,4,33,50,19,25,30,157
Between 18 to 25,Female,Urban,Unmarried,Scheduled Tribe,Below Poverty Line (BPL),University,Government,Regular mode,Arts,Arts,Second,Literate,Literate,No,No,5,5,5,5,5,5,5,5,5,5,5,5,5,5,5,5,5,5,5,5,5,5,5,5,5,5,5,5,5,5,5,5,5,5,5,5,5,5,5,5,5,5,5,5,5,5,5,5,5,5,5,5,5,5,5,5,5,5,5,5,5,5,5,5,5,5,80,85,55,45,65,330
Between 18 to 25,Female,Urban,Unmarried,General,Above Poverty Line (APL),University,Government,Regular mode,Science,Arts,Second,Intermediate,Graduate,No,No,3,2,1,1,1,2,2,2,3,3,2,2,4,2,1,2,2,2,1,2,1,1,1,2,1,1,1,1,1,3,2,1,2,3,2,1,1,2,1,1,1,1,2,2,2,1,1,1,2,2,2,2,2,1,2,1,1,2,2,2,1,1,1,1,1,1,33,25,17,15,17,107
Between 18 to 25,Female,Rural,Unmarried,General,Below Poverty Line (BPL),College,Government,Regular mode,Arts,Arts,Second,Literate,Intermediate,No,No,2,2,2,2,2,2,2,2,2,2,2,2,2,2,2,2,2,2,2,2,2,2,2,2,2,2,2,2,2,2,2,2,2,2,2,2,2,2,2,2,2,2,2,2,2,2,2,2,2,2,2,2,2,2,2,2,2,2,2,2,4,2,2,2,2,2,32,34,22,18,28,134
Between 18 to 25,Male,Rural,Unmarried,General,Below Poverty Line (BPL),College,Private,Distance mode,Arts,Not Applicable,Second,Intermediate,Intermediate,No,No,4,4,4,2,2,2,2,4,4,3,2,2,2,2,2,2,2,2,2,4,3,2,4,2,3,2,2,2,3,2,4,3,2,2,2,2,2,2,2,3,4,5,5,3,3,3,3,3,3,2,3,4,3,2,2,2,2,2,3,3,2,2,4,3,2,2,43,44,32,27,31,177
Between 18 to 25,Female,Rural,Unmarried,Scheduled Caste,Below Poverty Line (BPL),College,Government,Regular mode,Arts,Arts,Second,Literate,Literate,No,No,2,2,2,2,2,2,2,4,4,4,4,4,4,2,2,2,2,2,4,4,1,4,1,4,2,2,2,4,2,2,2,2,4,2,4,2,2,2,2,2,4,2,2,2,2,2,2,2,2,2,2,2,2,2,2,4,4,4,4,2,4,2,4,4,4,4,44,44,26,18,44,176
Between 18 to 25,Female,Rural,Unmarried,General,Below Poverty Line (BPL),College,Government,Regular mode,Science,Arts,Second,Literate,Graduate,No,No,2,2,2,2,2,2,2,2,2,2,2,2,2,2,2,2,2,2,2,2,2,2,2,4,2,2,2,2,2,2,2,2,2,2,2,2,2,2,2,2,2,2,2,2,2,2,2,2,2,2,2,2,2,2,2,2,2,2,2,2,2,2,2,2,4,2,32,36,22,18,28,136
Between 18 to 25,Male,Rural,Unmarried,Scheduled Caste,Below Poverty Line (BPL),University,Government,Regular mode,Btech ,Computer Science,Eighth,Literate,Literate,No,No,4,3,4,4,4,4,4,4,4,4,4,4,4,4,4,4,4,4,4,4,4,4,4,4,4,4,4,4,4,4,4,3,2,2,2,2,3,2,4,4,2,4,2,2,4,2,2,2,2,4,2,2,2,2,4,2,4,2,4,2,2,2,2,2,2,2,63,65,29,22,32,211
Between 18 to 25,Female,Rural,Unmarried,General,Below Poverty Line (BPL),University,Private,Regular mode,Arts,Pg diploma in yoga science,Second,Literate,Graduate,No,No,2,1,1,2,2,1,2,2,2,3,1,1,2,2,2,2,2,2,1,1,1,2,1,1,1,4,1,1,2,1,1,1,1,2,2,3,3,1,2,1,2,2,2,1,2,1,1,1,2,2,2,2,2,2,2,2,1,1,1,1,1,1,1,1,1,1,28,24,21,15,16,104
Between 18 to 25,Male,Rural,Unmarried,Scheduled Caste,Above Poverty Line (APL),College,Government,Regular mode,Science,Science,Second,Literate,Graduate,No,No,3,3,4,4,1,3,2,3,3,2,2,2,4,4,3,2,4,4,2,2,2,3,2,3,2,3,4,4,2,4,3,3,2,4,4,4,2,3,2,2,2,2,2,4,4,2,4,2,2,4,2,2,4,2,4,4,2,4,4,2,2,4,2,2,2,2,45,49,31,26,36,187
Between 18 to 25,Male,Rural,Unmarried,General,Below Poverty Line (BPL),University,Private,Distance mode,Arts,Arts,Second,Intermediate,Intermediate,No,No,1,1,3,2,2,4,3,4,4,2,2,2,4,3,3,2,2,2,2,2,2,2,3,2,2,2,2,2,2,3,2,2,2,2,2,2,4,2,2,2,2,2,2,3,3,2,3,2,3,2,1,1,1,1,2,1,2,2,3,1,3,1,1,1,3,1,42,36,25,18,22,143
Between 18 to 25,Female,Rural,Unmarried,General,Below Poverty Line (BPL),College,Government,Regular mode,Science,Arts,Second,Literate,Literate,No,No,2,2,4,4,4,4,2,4,4,2,4,2,4,3,3,4,4,2,4,2,4,2,2,2,2,2,4,4,2,2,2,2,2,2,4,4,2,2,2,4,2,2,2,2,2,2,2,2,2,2,2,2,2,2,2,2,4,2,4,2,2,3,2,2,4,2,52,44,28,18,33,175
Between 18 to 25,Female,Urban,Unmarried,General,Above Poverty Line (APL),College,Government,Distance mode,Arts,Not Applicable,First,Literate,Literate,No,No,5,2,3,5,4,5,4,5,5,4,5,2,5,3,5,5,5,3,5,2,3,2,5,2,2,4,2,3,2,4,2,1,1,5,5,5,5,5,2,4,5,3,4,5,5,5,5,4,5,5,3,5,3,2,3,2,2,3,5,2,2,4,2,2,5,2,67,48,48,40,36,239
Between 18 to 25,Female,Rural,Unmarried,General,Below Poverty Line (BPL),College,Government,Regular mode,Science,Science,First,Intermediate,Intermediate,No,No,4,4,4,2,2,1,4,4,4,2,5,4,3,5,3,2,3,3,5,5,3,4,2,3,4,3,5,5,5,4,4,1,3,5,3,2,5,5,3,2,4,2,3,1,2,3,3,2,4,2,1,4,5,5,3,3,4,4,2,2,3,4,4,4,4,5,53,62,35,26,47,223
Between 18 to 25,Female,Urban,Unmarried,General,Below Poverty Line (BPL),College,Government,Regular mode,Arts,Arts,Forth,Literate,Literate,No,No,3,3,4,4,2,4,3,4,3,2,4,4,4,4,3,4,3,5,4,2,2,3,2,3,1,1,2,5,1,2,1,5,4,5,4,2,4,4,3,5,4,2,4,4,4,2,2,2,2,2,4,4,2,2,2,3,2,4,4,3,3,3,3,4,4,4,55,46,41,24,41,207
Between 18 to 25,Female,Urban,Married,General,Above Poverty Line (APL),University,Government,Distance mode,BAY,MAY ,Second,Graduate,Graduate,No,No,2,2,2,2,2,4,2,2,2,2,2,2,2,2,2,2,2,2,2,2,2,2,2,2,2,2,2,2,2,2,2,2,2,2,2,2,2,2,2,2,2,2,2,2,2,2,2,2,2,2,2,2,2,2,2,2,2,2,2,2,2,2,2,2,2,2,34,34,22,18,26,134
Between 18 to 25,Female,Urban,Unmarried,General,Below Poverty Line (BPL),College,Private,Regular mode,Arts,Science,Second,Intermediate,Intermediate,No,No,5,5,4,2,2,2,4,2,4,2,4,4,2,4,2,2,2,4,2,2,2,4,2,4,4,1,2,4,2,3,2,4,3,3,4,2,3,2,2,2,4,3,3,4,4,2,4,4,4,3,3,3,2,2,5,2,3,3,2,3,2,2,2,3,3,5,50,47,32,29,37,195
Between 18 to 25,Female,Urban,Unmarried,General,Above Poverty Line (APL),College,Government,Regular mode,Arts,Yogic science ,Second,Intermediate,Intermediate,No,No,3,2,4,3,2,2,3,2,4,4,4,2,3,4,2,2,3,5,2,4,5,5,4,3,2,4,4,3,3,2,4,2,4,4,4,4,4,4,3,4,4,4,4,4,3,4,4,4,4,4,4,4,4,4,4,2,2,2,2,2,3,2,2,4,2,2,46,59,43,35,33,216
Between 18 to 25,Female,Rural,Unmarried,General,Below Poverty Line (BPL),University,Government,Distance mode,Arts,Not Applicable,Fifth,Intermediate,Literate,No,No,1,1,3,1,2,3,2,2,3,2,2,2,2,2,2,3,3,1,2,1,1,3,3,4,3,3,2,3,2,3,2,3,2,3,3,2,2,3,3,1,4,3,4,2,3,2,3,4,1,3,3,2,2,2,2,2,2,2,3,2,2,4,2,4,1,1,33,41,30,23,29,156
Between 18 to 25,Male,Rural,Unmarried,Other Backward Classes (OBC),Below Poverty Line (BPL),University,Government,Regular mode,Computer Science,Not Applicable,Sixth,Graduate,Graduate,No,No,3,4,3,5,1,3,1,3,5,4,1,3,2,5,1,1,3,5,5,5,3,3,3,5,4,3,4,5,5,5,3,3,4,5,5,1,5,5,3,3,5,1,3,5,3,3,1,4,2,5,4,3,5,5,5,5,4,3,5,4,5,5,5,3,1,3,45,68,41,30,53,237
Between 18 to 25,Female,Rural,Unmarried,General,Below Poverty Line (BPL),College,Government,Distance mode,Arts,Arts,Third,Intermediate,Intermediate,No,No,4,4,4,4,4,4,4,4,4,4,4,4,5,4,4,5,5,5,4,4,4,4,3,3,4,3,4,4,4,5,3,4,5,4,4,3,4,4,4,4,4,5,5,5,4,5,4,4,4,5,4,4,3,3,4,4,3,4,3,4,4,4,4,4,3,4,66,68,46,37,48,265
Between 18 to 25,Male,Rural,Unmarried,General,Below Poverty Line (BPL),University,Government,Distance mode,Arts,Not Applicable,Sixth,Intermediate,Graduate,No,No,4,4,5,4,4,4,3,4,4,3,2,2,2,3,4,4,4,3,4,3,3,2,4,4,2,3,3,4,2,3,4,4,4,4,4,4,4,4,2,2,4,2,4,4,4,4,4,5,4,4,4,4,4,2,4,2,2,4,4,2,3,2,2,4,2,2,56,56,38,37,35,222
Between 18 to 25,Male,Urban,Unmarried,General,Above Poverty Line (APL),Coaching ,Private,Distance mode,Arts,Not Applicable,First,Above Graduation,Above Graduation,No,No,3,4,5,5,2,3,1,1,4,3,2,3,3,3,2,2,5,4,3,4,4,2,3,4,2,2,4,3,4,2,4,2,4,3,3,2,3,2,2,2,4,2,2,4,3,4,4,2,4,4,5,5,4,4,2,5,2,5,4,3,2,2,4,5,4,4,46,56,29,35,46,212
Between 18 to 25,Male,Rural,Unmarried,General,Below Poverty Line (BPL),College,Private,Distance mode,Arts,Arts,Third,Literate,Literate,No,No,4,2,2,2,2,2,2,2,2,2,2,2,2,4,4,2,2,2,2,2,2,2,2,4,2,2,2,2,2,2,2,2,2,2,2,2,2,2,2,2,4,2,2,2,2,2,2,2,4,2,2,2,2,2,4,2,2,2,4,2,2,2,2,4,2,2,38,36,24,20,32,150
Between 18 to 25,Female,Urban,Unmarried,Scheduled Caste,Antyodaya,College,Government,Distance mode,Arts,Arts,First,Literate,Literate,No,No,2,4,4,4,4,4,4,4,4,4,4,4,4,4,4,4,4,4,4,4,4,4,4,4,4,4,4,4,4,4,4,4,4,4,4,4,4,4,4,4,4,4,4,4,4,4,4,4,4,4,4,4,4,4,4,4,4,4,4,4,4,4,4,4,4,4,62,68,44,36,52,262
Between 18 to 25,Male,Urban,Unmarried,Other Backward Classes (OBC),Above Poverty Line (APL),Gurukul Kangri Vishwavidyalaya ,Government,Regular mode,Electronics and communication ,Not Applicable,Eighth,Graduate,Graduate,No,No,1,1,1,1,1,1,1,1,2,1,1,1,1,1,1,1,1,1,1,1,1,1,1,1,1,1,1,1,1,1,1,1,1,1,1,1,1,1,1,1,1,1,1,1,1,1,1,1,1,1,1,1,1,1,1,1,1,1,1,1,1,1,1,1,1,1,17,17,11,9,13,67
Between 18 to 25,Female,Urban,Unmarried,Scheduled Caste,Above Poverty Line (APL),College,Government,Regular mode,Arts,Arts,Second,Intermediate,Above Graduation,No,No,4,3,4,2,1,3,4,5,5,4,2,1,3,1,2,4,4,2,2,3,1,1,1,3,1,3,3,5,1,3,1,3,1,3,3,4,1,2,1,1,2,1,2,1,1,1,1,3,3,2,3,1,1,3,1,3,1,4,1,3,4,1,3,1,1,2,48,38,21,16,28,151
Between 18 to 25,Male,Urban,Unmarried,General,Below Poverty Line (BPL),College,Government,Distance mode,Arts,Not Applicable,Third,Literate,Literate,No,No,3,4,4,2,2,5,4,4,4,3,3,4,4,4,4,3,3,5,4,4,3,5,5,4,3,3,5,4,5,5,5,3,3,4,3,4,3,3,3,2,4,2,3,4,2,5,2,2,1,3,3,3,4,2,3,2,3,3,5,3,2,3,1,4,3,3,57,69,35,25,37,223
Between 18 to 25,Female,Urban,Unmarried,Scheduled Caste,Below Poverty Line (BPL),University,Government,Regular mode,Science,Ma.in yogic science ,Second,Literate,Literate,No,No,3,2,3,2,1,4,3,3,4,3,3,3,2,2,2,2,3,4,3,3,2,2,3,5,3,3,3,3,3,4,3,4,3,5,5,4,4,4,4,4,4,4,4,5,3,3,3,3,4,3,4,3,3,3,4,4,3,3,3,3,3,3,3,4,3,2,42,54,47,29,41,213
Between 18 to 25,Male,Rural,Unmarried,General,Above Poverty Line (APL),University,Government,Regular mode,Arts,Arts,Third,Above Graduation,Intermediate,No,No,1,2,1,2,1,1,1,1,1,2,1,1,1,1,1,1,3,1,1,1,1,1,1,3,1,3,1,1,1,1,1,1,1,1,1,1,1,1,1,1,1,1,1,1,1,1,1,1,1,1,1,1,1,1,1,1,1,1,1,1,1,2,1,1,1,1,19,23,11,9,14,76
Between 18 to 25,Female,Urban,Unmarried,General,Below Poverty Line (BPL),College,Private,Regular mode,Arts,Not Applicable,Second,Literate,Intermediate,No,No,2,2,2,2,2,2,2,2,2,2,2,2,2,2,2,2,2,2,4,2,2,2,4,4,2,2,2,2,2,3,2,2,2,2,4,3,3,2,2,2,3,3,4,2,2,2,2,2,2,2,2,2,2,2,2,2,2,2,2,2,2,2,2,2,2,2,32,41,30,18,26,147
Between 18 to 25,Male,Rural,Unmarried,General,Above Poverty Line (APL),College,Government,Distance mode,Arts,Arts,First,Intermediate,Intermediate,No,No,4,2,2,2,2,2,4,4,4,2,2,4,4,4,2,2,4,2,2,3,4,2,4,2,2,4,2,2,4,2,2,2,2,2,2,2,2,2,2,2,2,2,2,2,2,2,2,2,2,2,2,2,2,2,2,2,2,2,2,2,2,4,2,2,2,2,46,45,22,18,28,159
Between 18 to 25,Male,Rural,Unmarried,General,Below Poverty Line (BPL),College,Private,Distance mode,Arts,Arts,Fifth,Literate,Intermediate,No,No,3,3,3,3,2,2,2,2,4,2,3,2,2,2,2,1,2,2,2,2,2,2,2,2,2,2,2,2,2,2,2,2,2,2,2,2,2,2,2,2,2,2,2,2,2,2,2,2,2,2,2,2,2,2,2,2,2,2,2,2,2,2,2,2,2,2,38,34,22,18,26,138
Between 18 to 25,Female,Rural,Unmarried,General,Below Poverty Line (BPL),College,Government,Distance mode,Arts,Not Applicable,First,Literate,Intermediate,No,No,4,2,4,3,5,5,3,2,3,1,5,5,4,3,2,2,5,3,3,5,2,4,5,4,2,4,3,2,2,1,4,3,1,5,5,5,3,4,5,3,5,3,3,3,3,3,3,3,5,3,4,4,3,2,2,1,3,2,2,3,3,2,2,3,3,1,53,53,44,31,29,210
Between 18 to 25,Female,Rural,Unmarried,Other Backward Classes (OBC),Above Poverty Line (APL),College,Private,Distance mode,Arts,Arts,Third,Literate,Literate,No,No,2,4,4,4,4,4,2,4,3,3,3,3,3,3,3,3,3,3,3,3,3,3,3,3,3,3,3,3,3,3,3,3,3,3,3,3,3,3,3,3,3,3,3,3,3,3,3,3,3,3,3,3,3,3,3,3,3,3,3,3,3,3,3,3,3,3,52,51,33,27,39,202
Between 18 to 25,Male,Rural,Unmarried,Other Backward Classes (OBC),Above Poverty Line (APL),College,Government,Regular mode,Computer Science,Not Applicable,Sixth,Literate,Literate,No,No,2,3,3,2,4,2,2,4,4,2,3,2,4,4,2,5,2,5,1,4,4,2,2,3,2,3,3,1,1,5,4,2,2,5,4,2,2,4,4,2,3,2,4,4,4,4,4,4,4,4,4,4,4,5,4,1,2,2,5,2,2,2,1,5,1,1,48,46,36,36,33,199
Between 18 to 25,Female,Rural,Unmarried,General,Below Poverty Line (BPL),University,Private,Distance mode,Arts,Arts,Fifth,Literate,Intermediate,No,No,4,3,4,3,2,4,4,4,4,2,2,3,4,4,4,4,4,4,4,3,3,4,3,4,3,4,4,3,3,4,4,2,2,2,2,2,4,3,4,3,4,2,2,4,3,4,5,3,3,4,4,4,4,3,4,2,2,2,2,2,2,2,2,4,2,2,55,58,32,34,31,210
Between 18 to 25,Male,Rural,Unmarried,General,Above Poverty Line (APL),College,Government,Distance mode,Arts,Not Applicable,Fifth,Literate,Intermediate,No,No,2,2,4,2,2,2,4,4,4,4,4,4,4,4,2,4,2,4,4,4,4,4,4,4,2,2,2,2,4,4,4,4,2,4,4,4,4,2,2,4,4,4,4,4,4,4,4,4,4,5,5,4,4,4,4,4,4,4,4,4,2,4,2,4,4,2,52,56,40,38,46,232
Between 18 to 25,Female,Urban,Unmarried,General,Below Poverty Line (BPL),College,Private,Regular mode,Arts,MA in Yogic science ,Second,Intermediate,Intermediate,No,No,3,5,4,2,2,4,3,3,4,3,3,3,3,2,3,2,3,3,4,3,2,3,4,4,2,2,3,3,2,3,2,4,2,4,3,4,4,3,2,2,2,4,3,4,4,2,2,4,4,3,4,3,3,2,2,2,3,2,4,2,2,2,2,4,2,2,49,49,35,29,31,193
Between 18 to 25,Male,Rural,Unmarried,Scheduled Caste,Above Poverty Line (APL),College,Government,Regular mode,Arts,Arts,Forth,Intermediate,Above Graduation,No,No,4,4,4,4,4,4,4,4,4,4,4,4,4,4,4,3,3,3,3,3,4,4,4,4,4,4,4,4,4,4,4,4,4,4,4,4,4,4,4,4,4,4,4,4,4,4,4,4,4,4,4,4,4,4,4,4,4,4,4,4,4,4,4,4,4,4,63,64,44,36,52,259
Between 18 to 25,Male,Urban,Unmarried,Other Backward Classes (OBC),Above Poverty Line (APL),University,Government,Regular mode,Computer Science,Not Applicable,Eighth,Intermediate,Intermediate,No,No,3,4,3,5,1,1,2,2,1,1,1,3,5,1,3,3,1,3,3,1,1,5,3,2,1,4,3,1,5,3,3,3,1,1,1,1,3,3,5,3,1,3,1,3,1,3,3,5,1,5,5,5,3,3,1,1,5,5,1,1,2,1,2,3,3,1,39,43,25,31,29,167
Between 18 to 25,Male,Rural,Unmarried,General,Above Poverty Line (APL),College,Government,Regular mode,Arts,Not Applicable,Sixth,Literate,Literate,No,No,4,4,3,4,4,3,4,4,4,3,2,4,4,3,3,2,4,4,4,4,4,3,3,4,3,4,4,2,3,4,4,4,3,4,3,4,4,4,4,3,4,4,3,3,3,4,4,4,4,4,4,2,4,2,4,2,4,2,3,4,2,3,2,4,4,4,55,61,40,33,40,229
Between 18 to 25,Female,Rural,Unmarried,General,Antyodaya,College,Government,Regular mode,Arts,Not Applicable,Sixth,Literate,Literate,No,No,3,1,2,3,2,3,4,3,4,3,2,3,2,4,2,2,3,2,3,3,3,4,2,4,3,3,2,4,3,4,4,3,4,3,3,2,4,4,2,2,2,2,3,2,4,3,2,2,1,3,2,4,4,3,2,2,1,4,3,2,3,3,2,2,3,2,43,54,29,25,32,183
Between 18 to 25,Male,Urban,Unmarried,Scheduled Tribe,Below Poverty Line (BPL),University,Government,Regular mode,Computer Science,Not Applicable,Sixth,Graduate,Graduate,No,No,4,4,1,1,1,4,4,4,2,3,1,1,2,4,2,1,5,5,4,1,5,1,1,5,1,1,4,5,4,5,4,2,1,5,4,5,1,1,1,1,5,1,5,5,5,4,1,4,3,5,5,1,1,1,1,1,1,1,4,1,1,1,1,1,1,1,39,54,34,29,16,172
Between 18 to 25,Male,Urban,Unmarried,Other Backward Classes (OBC),Below Poverty Line (BPL),University,Government,Regular mode,Computer Science,Not Applicable,Sixth,Intermediate,Literate,No,No,2,1,1,3,2,4,2,2,3,2,1,1,1,2,2,2,4,1,3,2,1,1,3,3,1,2,3,3,3,2,2,3,3,3,3,2,3,2,2,2,3,3,3,3,3,3,3,2,2,2,2,2,2,1,4,3,3,4,4,3,2,3,2,2,2,2,31,40,29,21,35,156
Between 18 to 25,Female,Urban,Unmarried,General,Above Poverty Line (APL),College,Government,Distance mode,Arts,Not Applicable,Forth,Graduate,Above Graduation,No,No,1,3,1,3,4,1,1,1,1,1,1,1,1,1,1,1,5,1,1,1,1,1,1,1,1,1,1,1,1,1,1,1,1,1,1,1,1,1,1,1,1,1,1,1,1,1,1,4,1,1,1,1,1,1,1,1,1,1,1,1,1,1,1,1,1,1,23,21,11,12,13,80
Between 18 to 25,Female,Rural,Unmarried,General,Below Poverty Line (BPL),University,Government,Distance mode,Science,Arts,Second,Literate,Literate,No,No,4,4,3,2,3,4,4,3,2,2,2,3,4,3,4,2,2,4,4,2,2,2,2,3,2,2,1,3,2,3,2,3,3,3,3,3,3,2,3,3,3,3,3,4,3,3,3,4,4,4,4,4,3,4,4,4,3,4,4,4,2,4,2,3,3,3,49,42,33,32,44,200
Between 18 to 25,Male,Rural,Unmarried,General,Below Poverty Line (BPL),University,Government,Regular mode,Science,Not Applicable,First,Literate,Literate,No,No,4,4,4,4,4,4,5,4,4,3,3,4,4,4,3,4,4,3,4,3,3,3,4,4,3,4,4,3,3,3,4,4,3,3,2,5,3,5,2,4,3,4,3,3,3,2,2,2,3,3,3,3,3,1,2,2,3,3,3,3,3,3,3,3,3,2,62,59,37,24,34,216
Between 18 to 25,Male,Rural,Unmarried,General,Below Poverty Line (BPL),University,Government,Distance mode,Hotel Management ,Not Applicable,First,Intermediate,Above Graduation,No,No,4,4,3,5,2,2,3,2,2,2,2,2,3,2,1,2,1,2,2,3,2,2,2,3,2,2,2,2,3,2,2,3,3,2,3,2,2,3,2,2,2,2,2,3,2,2,2,2,2,2,2,3,2,2,2,2,2,2,2,2,2,2,2,2,2,2,41,38,25,19,26,149
Between 18 to 25,Female,Rural,Unmarried,General,Below Poverty Line (BPL),University,Private,Distance mode,Arts,Arts,Third,Intermediate,Graduate,No,No,2,2,3,2,2,4,3,2,2,2,4,4,3,2,2,3,4,2,3,3,2,2,2,2,2,2,2,2,2,2,2,2,2,2,2,2,2,2,2,2,2,2,2,2,2,2,2,2,2,2,2,2,2,2,2,2,2,2,2,2,2,2,2,2,2,2,42,38,22,18,26,146
Between 18 to 25,Female,Rural,Unmarried,General,Above Poverty Line (APL),University,Government,Distance mode,Arts,Not Applicable,First,Intermediate,Graduate,No,No,4,3,4,2,1,4,4,3,4,3,3,3,3,3,4,4,4,2,2,4,4,4,4,4,2,4,4,3,4,2,1,2,2,3,3,4,4,3,3,3,3,3,3,3,3,3,3,3,3,3,3,3,3,3,3,3,3,3,3,3,3,3,3,3,3,3,52,52,35,27,39,205
Between 18 to 25,Male,Rural,Unmarried,General,Below Poverty Line (BPL),University,Government,Regular mode,Arts,Not Applicable,Third,Intermediate,Intermediate,No,No,4,4,4,4,2,4,4,3,4,3,3,4,2,2,2,4,4,5,2,4,2,2,4,4,4,5,4,4,5,4,2,4,4,5,5,4,4,2,2,4,4,5,2,2,2,5,4,4,4,4,5,4,4,4,5,5,4,2,4,4,2,1,2,4,2,2,53,63,39,36,41,232
Between 18 to 25,Female,Rural,Unmarried,General,Antyodaya,College,Government,Distance mode,Arts,Arts,Forth,Intermediate,Intermediate,No,No,4,4,4,3,2,4,2,2,4,3,2,3,4,3,4,4,4,4,2,4,4,4,4,2,4,5,4,3,2,4,4,3,3,2,4,2,2,2,2,4,4,2,2,2,3,3,4,3,3,2,2,4,4,5,5,5,5,5,4,4,4,4,5,4,4,2,52,60,28,28,56,224
Between 18 to 25,Male,Urban,Unmarried,General,Below Poverty Line (BPL),College,Government,Regular mode,Arts,Arts,Forth,Literate,Intermediate,No,No,2,4,2,4,2,4,1,3,3,3,2,4,3,4,4,3,3,5,4,3,3,3,3,4,3,3,3,3,2,3,3,3,3,3,3,3,3,3,3,3,3,3,3,3,2,3,4,5,4,2,3,2,3,3,3,3,4,3,3,3,3,3,3,3,3,4,48,54,33,28,41,204
Between 18 to 25,Female,Rural,Unmarried,Scheduled Caste,Antyodaya,College,Private,Distance mode,Arts,Not Applicable,Fifth,Intermediate,Intermediate,No,No,4,4,2,2,2,2,2,2,4,3,2,2,2,4,2,2,2,2,2,2,2,2,2,4,4,2,2,2,2,2,2,2,2,2,2,2,2,2,2,2,2,2,2,2,2,2,4,4,4,2,2,2,2,2,2,2,2,2,2,2,2,2,2,2,2,2,41,38,22,24,26,151
Between 18 to 25,Female,Urban,Unmarried,General,Above Poverty Line (APL),College,Government,Regular mode,Science,MA yoga ,Second,Intermediate,Above Graduation,No,No,4,5,5,5,4,5,5,4,4,4,4,5,3,4,4,5,2,4,5,3,5,3,4,5,1,1,4,5,2,5,5,5,1,5,4,5,5,4,3,5,4,4,5,3,4,1,4,4,4,5,4,5,5,2,4,4,5,5,1,4,4,1,5,1,1,2,70,60,47,36,39,252
Between 18 to 25,Male,Rural,Unmarried,General,Above Poverty Line (APL),University,Government,Regular mode,Arts,MA yoga ,Forth,Literate,Literate,No,No,3,2,2,2,2,2,2,2,3,4,2,3,3,2,2,1,4,2,1,4,2,1,2,2,2,2,2,2,2,2,2,2,2,2,2,2,2,2,2,2,2,2,2,2,2,2,2,2,4,1,2,2,2,1,1,1,1,1,4,1,1,1,1,1,1,1,37,36,22,19,16,130
Between 18 to 25,Female,Rural,Unmarried,General,Above Poverty Line (APL),University,Government,Distance mode,Tourism Management ,Not Applicable,Sixth,Intermediate,Intermediate,No,No,1,1,1,4,4,1,1,1,1,1,1,5,1,5,5,1,1,1,1,1,1,1,5,5,1,5,5,1,1,5,1,1,1,1,4,1,1,1,1,1,1,1,1,1,5,5,1,5,5,1,1,1,5,1,1,1,1,1,1,1,1,1,1,1,1,1,34,37,14,29,13,127
Between 18 to 25,Female,Rural,Unmarried,General,Below Poverty Line (BPL),University,Private,Distance mode,Arts,Arts,First,Intermediate,Intermediate,No,No,4,3,4,3,2,4,4,4,4,4,4,4,4,4,3,4,4,4,4,4,4,4,4,4,3,4,4,3,3,4,3,4,3,2,2,3,2,2,3,4,4,2,3,4,3,4,5,5,4,4,4,4,4,2,4,2,2,2,2,3,2,2,2,4,2,2,59,63,31,37,31,221
Between 18 to 25,Male,Urban,Unmarried,General,Above Poverty Line (APL),University,Private,Distance mode,Commerce,Not Applicable,Fifth,Above Graduation,Above Graduation,No,No,3,3,4,4,4,4,4,4,4,4,5,4,4,3,5,3,3,5,2,5,2,3,3,2,4,2,3,3,3,3,3,3,4,3,3,3,3,3,3,4,3,3,3,3,3,3,3,3,3,5,4,5,2,3,4,5,5,5,4,4,4,3,5,3,3,3,62,53,34,31,51,231
Between 18 to 25,Female,Urban,Unmarried,General,Antyodaya,College,Government,Regular mode,Arts,Yogic science ,Second,Intermediate,Graduate,No,No,2,2,4,3,2,2,2,3,3,3,2,2,2,2,3,2,2,2,3,2,2,3,2,3,2,2,2,2,2,2,2,2,2,2,2,2,4,2,2,2,2,4,2,2,4,2,2,4,2,2,2,2,2,2,2,2,2,2,4,2,2,2,2,4,3,2,39,37,26,22,31,155
Between 18 to 25,Female,Rural,Unmarried,General,Below Poverty Line (BPL),University,Government,Distance mode,Arts,Not Applicable,Third,Literate,Literate,No,No,3,3,5,5,4,5,5,5,5,4,5,5,5,5,5,5,5,3,3,4,5,4,4,4,3,3,3,4,4,5,3,3,4,4,5,4,3,4,4,4,5,1,3,3,3,4,3,3,4,5,5,5,5,2,5,4,5,4,5,3,3,5,3,5,5,2,74,64,40,37,51,266
Between 18 to 25,Female,Urban,Unmarried,General,Above Poverty Line (APL),College,Government,Regular mode,Arts,Arts,Sixth,Intermediate,Graduate,No,No,4,2,2,2,2,2,3,3,2,3,2,3,2,3,3,3,3,3,3,3,3,3,3,2,3,4,2,2,2,2,2,2,2,2,2,2,2,2,2,2,2,2,2,2,2,2,2,2,2,2,2,2,4,2,4,2,2,2,2,2,2,2,2,2,2,2,41,44,22,20,28,155
Between 18 to 25,Female,Rural,Married,General,Above Poverty Line (APL),College,Private,Distance mode,Arts,Arts,Third,Literate,Intermediate,No,No,4,4,1,2,4,4,3,4,5,4,4,5,4,4,4,2,2,4,3,3,2,3,3,4,2,3,2,5,4,3,4,4,3,5,5,5,5,4,3,3,3,1,4,4,3,3,1,1,4,4,4,4,3,4,5,4,5,4,5,4,5,3,3,1,1,2,58,54,42,27,46,227
Between 18 to 25,Female,Urban,Married,General,Antyodaya,College,Government,Regular mode,Arts,Arts,Second,Above Graduation,Above Graduation,No,No,3,3,3,3,3,3,3,3,3,3,3,3,3,3,3,3,3,3,3,3,3,3,3,1,3,3,3,3,5,4,2,4,4,4,4,4,4,4,2,4,4,1,2,4,4,4,4,4,4,4,4,4,4,4,4,4,4,4,4,4,4,4,4,4,4,4,48,53,37,36,52,226
Between 18 to 25,Female,Urban,Unmarried,General,Above Poverty Line (APL),University,Government,Distance mode,B.Ed Special education,Not Applicable,Second,Literate,Graduate,No,No,2,4,3,5,4,5,3,2,4,4,2,3,3,4,4,4,5,2,3,2,4,4,4,1,1,4,2,3,3,3,2,4,2,4,4,2,4,1,4,3,2,3,4,4,2,5,2,1,1,4,4,1,5,3,3,2,3,4,2,4,4,2,1,1,1,3,56,49,35,25,33,198
Between 18 to 25,Male,Rural,Unmarried,General,Above Poverty Line (APL),University,Government,Distance mode,B. Ed special education ,Not Applicable,Second,Above Graduation,Graduate,No,No,4,4,4,5,4,3,3,3,3,4,2,3,4,4,4,3,4,4,3,3,3,3,3,3,2,3,4,4,3,3,3,3,3,4,4,3,3,3,3,3,4,3,3,4,4,3,3,4,4,4,4,4,4,3,3,3,3,3,3,3,3,3,3,3,3,3,57,54,37,34,39,221
Between 18 to 25,Male,Rural,Unmarried,Other Backward Classes (OBC),Above Poverty Line (APL),University,Government,Distance mode,Science,Not Applicable,First,Literate,Literate,No,No,5,2,2,2,2,5,2,2,5,4,2,1,2,2,4,2,4,2,1,4,2,2,4,4,2,2,4,1,4,5,2,1,1,4,2,4,4,4,2,1,2,2,2,2,4,2,2,4,4,4,2,2,4,3,4,2,4,4,4,1,2,2,2,2,1,2,44,45,29,28,33,179
Between 18 to 25,Male,Rural,Married,General,Above Poverty Line (APL),University,Government,Distance mode,Special (vi),Special (vi),First,Literate,Literate,No,No,3,2,2,3,2,3,4,3,4,4,2,3,3,3,3,2,2,2,3,2,2,3,4,3,2,2,2,2,2,3,2,2,2,4,4,3,3,4,3,4,3,4,4,4,2,2,3,3,3,3,3,2,2,3,3,3,2,3,4,2,2,3,4,2,2,2,46,40,40,23,35,184
Between 18 to 25,Female,Urban,Unmarried,General,Above Poverty Line (APL),University,Private,Regular mode,Science,Science,Second,Above Graduation,Above Graduation,No,No,1,3,2,2,2,2,1,2,2,2,1,1,2,2,2,2,3,2,3,2,4,2,2,3,1,2,2,1,1,4,2,2,2,4,4,1,1,1,1,1,1,1,2,3,3,4,1,3,2,3,4,3,4,1,1,1,1,2,1,4,1,2,1,1,1,1,29,38,20,27,18,132
Between 18 to 25,Female,Urban,Unmarried,General,Above Poverty Line (APL),University,Government,Distance mode,Arts,Arts,Second,Graduate,Intermediate,No,No,2,3,3,4,4,4,2,3,4,2,2,2,3,3,2,4,4,2,2,3,4,2,3,3,2,3,2,2,3,4,2,2,3,4,4,4,5,3,2,1,4,2,3,4,2,3,3,3,2,2,2,4,3,2,3,3,1,3,1,3,1,1,2,1,1,2,47,46,36,24,24,177
Between 18 to 25,Male,Urban,Unmarried,General,Above Poverty Line (APL),University,Government,Regular mode,Computer Science,Not Applicable,Sixth,Intermediate,Intermediate,No,No,3,5,1,5,5,5,5,1,5,5,3,1,2,4,4,4,5,5,5,1,5,4,5,5,1,3,3,4,4,5,5,4,1,5,5,1,1,1,3,2,1,1,1,1,5,5,4,4,5,2,5,5,5,4,4,2,5,2,5,2,2,5,1,2,4,1,58,65,22,40,39,224
Between 18 to 25,Female,Urban,Married,Other Backward Classes (OBC),Above Poverty Line (APL),University,Government,Distance mode,Science,Science,Second,Intermediate,Intermediate,No,No,4,4,2,2,4,3,2,2,4,2,2,3,4,4,4,4,4,2,2,3,3,2,3,2,2,4,4,4,3,2,2,2,2,4,4,4,4,4,2,4,4,2,2,4,2,4,2,4,2,4,2,4,4,2,2,2,2,2,2,2,2,2,2,2,2,2,50,46,38,28,26,188
Between 18 to 25,Male,Rural,Unmarried,General,Above Poverty Line (APL),University,Private,Distance mode,Arts,Arts,Second,Literate,Literate,No,No,2,3,4,3,3,5,4,2,4,3,3,4,5,1,2,3,3,4,4,2,2,4,3,3,4,2,2,3,4,3,5,3,4,5,5,1,4,5,2,4,4,1,2,2,5,5,3,5,5,1,4,2,3,3,3,4,4,5,5,5,5,2,5,2,5,5,51,55,35,33,53,227
Between 18 to 25,Male,Rural,Married,Other Backward Classes (OBC),Above Poverty Line (APL),College,Government,Distance mode,Arts,Arts,Second,Literate,Literate,No,No,2,4,4,2,4,4,4,4,4,4,4,5,4,3,4,5,4,5,4,4,4,5,5,4,5,5,4,4,4,4,2,2,4,4,4,5,4,2,2,2,4,1,4,5,4,4,5,4,4,4,2,2,4,2,4,2,2,4,1,2,3,3,2,4,4,3,61,69,37,33,36,236
Between 18 to 25,Male,Rural,Unmarried,General,Above Poverty Line (APL),College,Government,Distance mode,Science,Science,Second,Above Graduation,Literate,No,No,4,4,4,3,1,5,3,3,4,4,2,2,5,4,4,2,5,3,3,4,4,4,3,4,4,4,4,3,4,3,4,1,1,4,4,4,4,4,4,3,3,3,4,4,4,4,4,4,3,4,4,4,4,4,4,4,2,4,4,3,4,2,4,4,4,4,54,58,41,35,47,235
Between 18 to 25,Male,Urban,Unmarried,General,Antyodaya,University,Private,Distance mode,Not Applicable,Not Applicable,First,Graduate,Graduate,No,No,3,1,2,1,1,1,1,1,1,1,1,1,2,1,2,1,1,1,1,1,1,1,1,4,1,1,1,1,1,1,1,1,1,1,1,1,1,1,1,1,1,1,1,1,1,1,1,1,1,2,2,2,2,2,1,1,1,1,1,1,1,1,1,1,2,2,21,20,11,13,16,81
Between 18 to 25,Female,Urban,Married,General,Above Poverty Line (APL),University,Private,Distance mode,Arts,Arts,Second,Graduate,Graduate,No,No,2,3,2,2,1,2,2,2,2,2,2,3,2,2,2,2,2,2,2,2,2,2,2,2,2,2,2,2,2,2,2,2,2,3,3,2,2,2,2,2,2,2,2,2,2,2,2,3,3,2,2,2,2,2,2,2,2,2,2,2,2,2,2,2,2,2,33,34,24,20,26,137
Between 18 to 25,Female,Rural,Unmarried,General,Above Poverty Line (APL),University,Government,Distance mode,Arts,Arts,Third,Above Graduation,Graduate,No,No,4,4,4,5,4,4,4,4,3,3,4,4,4,4,4,4,5,4,4,4,4,4,5,4,4,5,4,4,5,5,4,2,4,4,3,4,4,4,4,4,4,5,5,5,5,5,3,4,4,4,3,4,4,4,4,5,5,5,5,5,5,5,5,4,5,5,63,71,46,36,62,278
Between 18 to 25,Male,Urban,Unmarried,General,Above Poverty Line (APL),University,Government,Regular mode,Science,Not Applicable,Sixth,Literate,Intermediate,No,No,3,3,4,4,2,4,3,3,4,3,3,4,4,4,3,4,5,3,2,4,2,2,3,3,2,4,3,3,3,3,3,2,3,3,2,2,2,3,2,3,2,2,4,4,3,4,2,4,3,3,3,3,5,3,3,3,4,4,4,3,1,3,3,2,3,3,55,50,29,30,39,203
Between 18 to 25,Male,Urban,Unmarried,General,Below Poverty Line (BPL),University,Private,Regular mode,Arts,Arts,Second,Intermediate,Intermediate,No,No,2,2,2,2,2,2,2,2,2,3,2,2,2,1,2,2,2,2,2,2,1,1,2,4,2,2,2,2,2,2,2,2,2,4,3,2,4,2,2,3,3,2,2,2,2,2,2,2,3,2,3,2,2,2,3,2,2,2,4,2,2,2,2,2,2,2,32,34,29,20,29,144
Between 18 to 25,Female,Rural,Unmarried,General,Below Poverty Line (BPL),College,Government,Regular mode,Science,Yoga science ,Second,Literate,Literate,No,No,3,4,2,2,2,2,4,2,2,2,2,2,2,2,2,4,2,4,2,2,2,2,2,4,2,2,2,2,2,2,2,2,2,2,4,2,2,2,2,2,4,2,2,4,2,2,2,2,2,2,2,2,2,2,2,2,2,2,4,2,2,2,2,2,2,2,39,38,28,18,28,151
Between 18 to 25,Female,Rural,Unmarried,General,Above Poverty Line (APL),University,Government,Regular mode,Commerce,Not Applicable,Sixth,Literate,Literate,No,No,3,4,3,3,3,3,3,3,3,3,3,3,3,3,3,3,3,3,3,3,3,3,3,3,3,3,3,3,2,2,2,2,2,2,2,2,2,2,2,2,2,2,2,2,2,2,2,2,2,2,2,2,2,2,2,2,2,2,2,2,2,2,2,2,2,2,49,46,22,18,26,161
Between 18 to 25,Female,Rural,Unmarried,General,Above Poverty Line (APL),University,Government,Regular mode,Science,Not Applicable,Forth,Intermediate,Intermediate,No,No,3,4,2,4,4,4,4,4,4,2,2,2,2,4,2,4,4,4,4,2,2,2,2,4,2,2,2,2,2,4,2,4,4,4,2,4,4,4,2,4,4,4,4,4,4,2,4,4,2,2,4,4,4,2,2,2,4,4,4,4,2,4,2,4,2,2,51,48,40,30,38,207
Between 18 to 25,Female,Rural,Unmarried,General,Below Poverty Line (BPL),University,Private,Regular mode,Arts,Not Applicable,Forth,Intermediate,Graduate,No,No,3,5,3,2,1,5,5,5,3,4,4,5,2,1,3,4,2,4,2,3,5,3,3,4,5,2,2,4,3,5,5,4,5,4,3,5,3,2,2,4,4,5,3,5,3,4,3,3,5,3,3,4,4,1,3,2,1,3,5,1,2,5,5,3,3,2,55,61,40,32,36,224
Between 18 to 25,Female,Rural,Unmarried,Other Backward Classes (OBC),Below Poverty Line (BPL),University,Private,Regular mode,Arts,Not Applicable,Forth,Intermediate,Intermediate,No,No,2,4,3,3,1,2,3,3,3,3,4,3,3,4,3,2,3,3,3,3,4,4,4,2,3,5,5,5,4,2,3,4,4,4,1,1,1,1,2,2,4,3,1,3,4,4,4,2,4,4,2,2,2,1,1,4,5,5,5,5,5,5,5,4,4,1,46,61,23,28,50,208
Between 18 to 25,Female,Rural,Unmarried,Scheduled Caste,Above Poverty Line (APL),University,Government,Regular mode,Arts,Arts,Forth,Intermediate,Graduate,No,No,4,4,4,5,3,5,4,4,4,3,3,3,2,1,5,3,4,5,4,3,3,3,2,2,1,4,4,4,5,3,5,2,4,3,5,4,5,3,4,3,5,3,5,4,3,5,3,5,3,5,3,3,5,3,4,5,2,3,5,4,3,5,4,3,3,5,57,58,44,35,49,243
Between 18 to 25,Female,Urban,Unmarried,General,Below Poverty Line (BPL),University,Government,Regular mode,Science,Not Applicable,Forth,Graduate,Graduate,No,No,3,4,4,2,5,4,4,3,4,3,2,2,4,3,4,2,4,4,4,4,4,3,4,4,2,3,5,4,4,4,5,4,2,3,4,4,4,4,3,2,4,4,5,4,3,3,4,4,2,4,3,4,4,2,4,5,5,5,2,2,5,2,4,2,2,2,53,64,41,31,42,231
Between 18 to 25,Female,Urban,Unmarried,General,Antyodaya,University,Government,Regular mode,Science,Not Applicable,Forth,Above Graduation,Above Graduation,No,No,5,4,2,1,3,2,4,1,2,3,2,2,3,2,2,2,2,3,1,2,3,1,1,1,1,1,2,2,2,2,2,2,2,2,2,2,2,2,2,2,2,3,2,3,2,2,2,2,4,2,2,2,2,2,2,1,2,1,2,2,2,2,2,2,2,2,40,30,24,20,24,138
Between 18 to 25,Female,Rural,Unmarried,General,Above Poverty Line (APL),University,Government,Regular mode,Arts,Not Applicable,Sixth,Literate,Literate,No,No,3,2,3,4,2,2,2,2,2,2,1,1,2,2,2,4,4,2,4,2,2,2,2,4,1,1,2,3,2,2,2,2,2,1,1,2,2,3,2,4,4,2,2,4,2,2,4,4,3,2,2,2,2,2,1,1,1,2,2,2,2,1,1,2,1,1,36,39,27,23,19,144
Between 18 to 25,Female,Urban,Unmarried,General,Above Poverty Line (APL),University,Government,Regular mode,Arts,Not Applicable,Sixth,Literate,Intermediate,No,No,2,2,2,3,2,2,2,1,2,2,1,2,2,3,2,4,4,3,2,3,2,2,3,3,2,4,2,2,2,2,1,1,1,4,4,2,2,3,2,2,1,1,1,4,2,4,2,4,3,2,2,2,4,3,1,1,3,4,2,2,2,2,2,2,2,3,34,39,26,25,29,153
Between 18 to 25,Female,Urban,Unmarried,General,Below Poverty Line (BPL),College,Government,Regular mode,Arts,Arts,Fifth,Literate,Literate,No,No,4,3,2,3,4,4,5,2,5,3,5,3,5,4,4,4,5,3,3,3,5,3,4,3,3,4,5,3,3,3,4,4,4,4,3,4,4,3,2,2,4,2,2,4,3,4,4,4,4,5,4,4,4,2,4,2,3,4,4,4,3,3,2,4,2,3,60,62,34,36,40,232
Between 18 to 25,Female,Rural,Unmarried,General,Below Poverty Line (BPL),University,Government,Regular mode,Arts,Arts,Forth,Graduate,Graduate,No,No,2,3,3,3,2,3,2,2,2,3,3,3,3,3,2,2,2,2,3,2,1,2,2,2,2,2,2,3,1,3,2,2,2,2,2,3,4,3,3,2,2,4,3,3,2,2,2,3,3,3,2,4,1,2,5,3,3,2,3,2,3,3,2,2,2,2,41,35,31,22,34,163
Between 18 to 25,Male,Rural,Unmarried,General,Antyodaya,University,Government,Regular mode,Science,Arts,Forth,Literate,Literate,No,No,2,3,3,3,2,2,2,2,3,3,2,3,3,3,2,2,1,1,2,3,1,1,1,3,1,1,1,2,1,2,1,2,3,3,3,2,2,2,2,3,3,2,2,2,1,1,2,1,1,2,1,3,1,1,2,1,3,1,4,1,1,2,1,1,1,1,40,27,26,13,20,126
Between 18 to 25,Female,Rural,Unmarried,General,Above Poverty Line (APL),University,Government,Regular mode,Science,Arts,Third,Literate,Graduate,No,No,4,3,5,3,2,3,4,5,5,1,1,4,5,5,5,5,5,5,5,3,3,5,5,3,1,1,2,5,3,2,2,3,4,5,5,3,1,4,3,5,5,1,1,5,4,1,4,4,5,5,3,2,3,4,2,3,4,4,5,5,2,4,4,4,4,2,60,57,38,31,47,233
Between 18 to 25,Male,Urban,Unmarried,General,Above Poverty Line (APL),College,Government,Regular mode,Arts,Arts,Sixth,Literate,Above Graduation,No,No,3,1,2,2,1,4,1,2,3,3,1,1,1,2,2,2,2,3,4,2,2,1,1,3,1,1,3,3,3,4,2,2,2,2,4,4,3,2,2,4,3,2,2,4,4,2,4,4,4,2,2,1,2,3,4,3,3,2,1,1,1,3,1,1,1,1,31,39,32,25,25,152
Between 18 to 25,Female,Urban,Unmarried,Scheduled Caste,Above Poverty Line (APL),University,Government,Regular mode,Not Applicable,College ,Sixth,Literate,Literate,No,No,1,2,4,2,1,4,1,1,4,1,1,1,5,1,4,2,4,4,2,4,4,2,4,4,2,2,2,4,2,4,4,4,2,4,4,4,4,4,2,2,4,2,2,4,2,2,2,4,4,4,4,4,2,2,4,2,4,4,4,2,4,4,4,2,4,4,35,54,36,28,44,197
Between 18 to 25,Female,Urban,Unmarried,General,Above Poverty Line (APL),University,Government,Regular mode,Science,Arts,Forth,Graduate,Intermediate,No,No,3,2,2,1,2,4,3,3,3,3,1,1,2,2,2,2,4,1,1,3,3,1,3,3,1,3,3,2,1,2,3,2,1,3,4,4,4,2,2,1,1,1,2,4,3,3,1,2,2,2,4,2,2,2,2,2,2,2,2,2,2,1,2,2,1,2,36,37,28,21,24,146
Between 18 to 25,Male,Urban,Unmarried,General,Above Poverty Line (APL),College,Private,Regular mode,Arts,Not Applicable,Sixth,Intermediate,Above Graduation,No,No,3,3,4,4,3,3,3,3,3,3,3,3,3,4,3,3,3,3,3,3,3,3,3,3,3,3,3,3,4,2,3,3,3,3,3,3,3,3,3,3,3,3,3,3,3,3,3,3,3,3,3,3,3,3,3,3,3,3,3,3,3,3,3,3,3,3,51,51,33,27,39,201
Between 18 to 25,Female,Rural,Unmarried,General,Above Poverty Line (APL),University,Government,Regular mode,BCA,Not Applicable,Second,Graduate,Above Graduation,No,No,3,3,4,3,3,4,2,3,4,3,2,2,4,3,4,3,4,5,4,3,3,2,4,4,1,5,5,4,5,4,3,4,4,5,5,4,3,4,4,4,4,3,2,4,3,4,4,4,5,4,5,4,5,3,5,4,1,4,3,1,3,1,2,2,1,3,50,64,42,38,33,227
Between 18 to 25,Male,Urban,Unmarried,Scheduled Caste,Below Poverty Line (BPL),University,Government,Regular mode,Arts,Science,Fifth,Literate,Literate,No,No,2,2,3,2,1,4,2,1,3,2,2,3,4,3,3,3,4,4,4,2,3,4,3,3,3,3,3,3,4,1,3,3,3,3,3,3,3,3,3,3,3,3,3,3,3,3,3,3,3,3,3,3,3,3,3,3,3,3,3,3,3,3,3,3,3,3,40,53,33,27,39,192
Between 18 to 25,Female,Rural,Unmarried,General,Above Poverty Line (APL),University,Government,Regular mode,Arts,Arts,Forth,Above Graduation,Intermediate,No,No,4,4,4,4,4,3,4,5,4,2,2,2,4,4,4,5,5,5,2,2,2,2,3,4,2,2,2,4,3,2,3,4,4,4,4,4,4,2,2,2,4,2,3,4,4,3,2,4,4,2,2,2,3,1,4,1,1,1,1,2,1,1,1,2,1,2,59,51,35,26,19,190
Between 18 to 25,Female,Rural,Unmarried,General,Below Poverty Line (BPL),University,Government,Regular mode,Arts,Not Applicable,Forth,Literate,Intermediate,No,No,4,3,4,3,4,4,4,4,4,3,4,4,4,4,4,4,2,2,3,4,3,3,3,4,4,3,4,3,2,4,3,3,3,4,2,4,4,4,3,2,2,2,2,2,3,3,3,3,3,2,3,4,4,2,4,4,4,4,4,2,5,5,4,5,5,5,61,53,31,28,53,226
Between 18 to 25,Female,Urban,Unmarried,General,Above Poverty Line (APL),University,Government,Regular mode,Science,Not Applicable,Forth,Intermediate,Intermediate,No,No,4,4,4,4,3,4,3,3,3,4,3,3,3,3,3,3,4,3,3,2,3,3,3,3,3,3,3,5,2,4,3,5,4,3,4,2,2,3,2,2,3,2,2,4,3,3,3,3,4,3,3,3,3,2,3,3,3,3,2,3,2,2,3,2,3,2,54,56,29,28,33,200
Between 18 to 25,Female,Rural,Unmarried,Other Backward Classes (OBC),Below Poverty Line (BPL),College,Government,Regular mode,Arts,Arts,Forth,Literate,Literate,No,No,2,2,1,2,2,2,2,2,2,2,2,1,1,1,1,1,1,1,1,1,1,1,1,1,1,1,1,2,1,1,1,1,1,1,1,1,1,1,1,1,1,1,1,1,1,1,1,1,1,1,1,1,1,1,1,1,2,2,2,2,2,2,2,2,2,2,26,18,11,9,23,87
Between 18 to 25,Female,Rural,Unmarried,Other Backward Classes (OBC),Below Poverty Line (BPL),College,Government,Regular mode,Arts,Arts,First,Literate,Literate,No,No,4,2,3,4,3,4,4,3,1,3,3,2,3,1,4,2,3,4,4,3,2,3,4,3,2,2,2,4,3,3,2,2,2,4,4,4,2,4,2,2,4,2,5,4,4,2,4,2,2,3,2,4,2,4,4,4,2,5,4,5,4,5,1,5,1,1,46,48,37,25,45,201
Between 18 to 25,Female,Rural,Unmarried,General,Below Poverty Line (BPL),University,Government,Regular mode,Computer Science,Computer Science,Second,Graduate,Intermediate,No,No,4,2,5,5,2,4,3,4,3,2,2,3,3,3,3,4,3,4,3,3,3,3,3,3,2,2,3,4,3,4,3,2,3,3,4,3,4,1,2,2,4,1,1,3,3,3,3,3,5,4,4,4,4,3,4,2,5,2,5,2,3,1,1,5,4,1,52,51,28,33,38,202
Between 18 to 25,Female,Urban,Unmarried,Other Backward Classes (OBC),Below Poverty Line (BPL),College,Government,Regular mode,Arts,Arts,Second,Literate,Literate,No,No,5,5,5,5,5,5,5,5,5,5,5,5,5,5,5,5,5,5,5,5,5,5,5,5,5,5,5,5,4,4,4,5,4,3,4,5,5,5,5,5,5,5,5,5,5,5,4,4,4,4,4,4,4,5,5,5,5,5,5,5,5,5,5,5,5,5,80,81,52,38,65,316
Between 18 to 25,Female,Rural,Unmarried,Scheduled Tribe,Below Poverty Line (BPL),College,Government,Distance mode,Arts,Arts,Sixth,Intermediate,Intermediate,No,No,3,3,4,3,2,4,3,3,4,3,2,4,3,4,4,4,4,4,4,4,4,4,4,4,3,4,3,3,3,4,3,3,4,4,4,4,3,3,4,3,3,3,4,4,4,4,4,4,4,4,4,4,3,3,4,3,4,4,4,3,3,4,3,4,4,3,53,62,39,35,46,235
Between 18 to 25,Female,Rural,Unmarried,Scheduled Caste,Below Poverty Line (BPL),University,Government,Regular mode,Arts,Arts,Forth,Intermediate,Intermediate,No,No,2,2,2,2,2,2,2,2,2,2,2,2,2,2,2,2,2,4,2,2,2,2,2,2,2,2,2,2,2,2,2,2,2,2,2,2,2,2,2,2,2,2,2,2,2,2,2,2,2,2,2,2,2,2,2,2,2,2,2,2,2,2,2,2,2,2,32,36,22,18,26,134
Between 18 to 25,Female,Rural,Unmarried,General,Antyodaya,University,Government,Regular mode,Arts,Arts,Second,Graduate,Graduate,No,No,2,2,2,2,2,3,2,1,4,3,3,4,3,4,3,2,1,3,3,3,2,2,3,3,2,4,3,2,2,4,2,2,2,2,2,2,2,2,2,2,2,2,2,2,2,2,2,2,2,2,2,2,2,2,2,2,2,2,2,2,2,2,2,2,2,2,42,43,22,18,26,151
Between 18 to 25,Female,Urban,Unmarried,General,Above Poverty Line (APL),College,Government,Regular mode,Arts,Arts,Second,Literate,Intermediate,No,No,4,3,4,2,2,4,3,4,3,2,2,3,3,3,4,2,4,3,2,3,3,2,3,4,2,2,2,3,3,4,3,3,2,3,3,4,3,2,3,3,2,2,3,3,3,3,2,4,4,3,3,3,3,1,3,2,2,2,3,2,2,1,2,2,2,2,48,48,31,28,26,181
Between 18 to 25,Female,Rural,Unmarried,General,Above Poverty Line (APL),College,Private,Regular mode,Arts,Arts,Forth,Literate,Literate,No,No,3,3,4,3,4,4,4,4,3,4,3,3,3,3,4,2,4,3,2,3,3,3,2,4,2,2,4,3,3,2,2,2,2,2,2,2,2,2,3,2,2,2,2,2,2,3,2,3,3,3,4,3,2,2,2,4,3,3,4,3,3,3,2,2,2,2,54,46,23,25,35,183
Between 18 to 25,Female,Rural,Unmarried,General,Below Poverty Line (BPL),University,Government,Regular mode,Science,Yoga,Forth,Literate,Literate,No,No,4,3,4,5,3,4,4,3,4,3,3,3,4,4,4,4,4,4,3,3,3,4,4,4,4,4,4,2,4,3,4,3,2,4,2,4,5,5,4,5,4,4,3,4,4,4,4,4,4,4,4,3,3,3,3,4,4,4,4,4,3,4,3,4,4,4,59,59,44,34,48,244
Between 18 to 25,Female,Urban,Unmarried,General,Above Poverty Line (APL),College,Private,Regular mode,"B.A (hindi, drawing,English, yoga) ",B.A,Forth,Literate,Literate,No,No,3,2,3,3,2,2,2,2,3,3,2,3,3,2,2,2,2,2,2,2,2,2,2,2,2,2,2,2,2,2,2,2,2,2,2,2,2,2,2,2,2,2,2,2,2,2,2,2,2,2,2,2,2,2,2,2,2,2,2,2,2,2,2,2,2,4,39,34,22,18,28,141
Between 18 to 25,Female,Rural,Unmarried,General,Below Poverty Line (BPL),University,Government,Regular mode,Arts,Arts,Second,Literate,Literate,No,No,4,2,4,4,4,4,4,5,4,2,2,4,4,4,4,5,4,4,3,4,2,4,4,4,2,2,3,2,2,4,2,3,3,4,4,3,4,3,4,3,4,3,3,3,3,2,3,4,3,4,3,4,3,3,4,3,4,4,4,3,2,4,3,4,2,2,60,52,38,29,42,221
Between 18 to 25,Female,Rural,Unmarried,General,Below Poverty Line (BPL),College,Government,Regular mode,Arts,Arts,Second,Literate,Above Graduation,No,No,4,5,2,2,1,5,4,4,4,4,2,4,5,4,5,4,2,5,2,4,1,1,4,4,2,2,4,2,2,1,1,2,1,4,4,5,1,1,2,5,2,3,2,5,2,1,2,5,4,2,4,3,3,4,3,5,2,5,5,2,1,2,2,2,2,2,59,40,34,26,37,196
Between 18 to 25,Female,Urban,Unmarried,Scheduled Caste,Above Poverty Line (APL),University,Government,Regular mode,Arts,Arts,Forth,Intermediate,Graduate,No,No,4,2,4,4,2,4,4,2,4,4,4,4,4,4,4,2,4,2,5,4,2,2,4,4,1,1,2,2,2,2,1,1,1,4,1,1,5,3,1,1,1,4,4,4,4,3,4,4,3,3,4,5,3,3,5,5,1,1,2,3,4,3,3,5,5,3,56,40,29,33,43,201
Between 18 to 25,Female,Rural,Unmarried,General,Below Poverty Line (BPL),University,Government,Regular mode,Arts,MA YOGIC SCIENCE ,Second,Literate,Intermediate,No,No,2,2,2,1,2,3,3,2,2,2,2,2,4,2,3,2,3,4,2,2,5,2,4,3,1,3,2,3,4,1,2,4,1,4,4,4,3,2,2,3,2,2,3,4,3,4,3,4,4,3,3,4,3,1,4,1,2,1,4,2,2,3,1,3,2,2,36,46,33,31,28,174
Between 18 to 25,Female,Rural,Unmarried,General,Below Poverty Line (BPL),University,Government,Regular mode,Arts,MA yogic science,Second,Literate,Literate,No,No,2,2,3,2,2,3,2,3,2,2,3,2,4,2,3,2,3,4,2,2,5,2,4,3,1,3,2,3,4,1,2,4,1,4,4,4,3,2,2,3,2,2,3,3,3,4,3,4,4,3,3,3,3,1,4,2,2,1,4,2,2,3,1,3,2,2,39,46,32,30,29,176
Between 18 to 25,Female,Rural,Unmarried,General,Below Poverty Line (BPL),University,Government,Regular mode,Arts,Arts,Forth,Literate,Literate,No,No,4,3,4,2,2,4,4,4,4,4,4,4,4,3,5,4,3,4,4,4,4,2,4,3,1,4,4,4,2,4,4,3,2,4,3,4,4,4,2,4,3,2,1,3,1,2,5,5,2,3,3,3,2,3,4,3,3,3,4,4,1,4,4,3,5,1,59,56,34,26,42,217
Between 18 to 25,Female,Rural,Unmarried,General,Below Poverty Line (BPL),University,Government,Regular mode,Commerce,Ma yogic science,Second,Intermediate,Above Graduation,No,No,2,2,2,1,3,3,2,3,2,2,2,2,4,2,3,2,3,4,3,3,4,2,4,3,1,3,2,3,4,2,2,4,3,3,2,2,3,2,2,3,4,3,2,4,2,2,2,2,4,3,3,2,2,2,3,2,3,4,4,2,3,2,2,2,2,2,37,50,30,22,33,172
Between 18 to 25,Female,Urban,Unmarried,Scheduled Caste,Above Poverty Line (APL),College,Private,Regular mode,Arts,Arts,Forth,Intermediate,Intermediate,No,No,2,2,2,2,2,3,3,4,4,2,2,2,3,4,4,2,2,4,2,2,2,2,4,5,2,2,2,4,2,3,2,4,3,4,4,4,4,4,3,4,4,2,4,4,3,2,5,4,4,4,4,2,3,2,3,2,2,4,2,3,3,2,2,2,2,2,43,47,41,31,31,193
Between 18 to 25,Female,Urban,Unmarried,General,Above Poverty Line (APL),University,Government,Regular mode,Arts,Not Applicable,Forth,Intermediate,Intermediate,No,No,4,4,4,2,2,3,3,2,2,4,4,4,2,2,4,2,2,2,2,2,2,2,4,3,2,2,4,2,2,3,2,4,2,2,4,4,3,3,4,2,4,2,3,3,4,4,2,3,3,2,3,3,2,4,2,2,2,2,2,2,2,2,2,4,2,2,48,42,34,26,30,180
Between 18 to 25,Female,Rural,Unmarried,General,Above Poverty Line (APL),University,Government,Regular mode,Arts,Arts,Forth,Literate,Literate,No,No,4,3,3,3,2,4,4,3,3,2,2,2,3,2,3,3,2,4,2,3,4,3,4,4,1,3,1,3,3,2,2,2,2,4,4,4,4,3,3,3,3,3,4,3,3,3,3,3,3,3,3,3,4,3,5,3,3,3,3,3,3,4,3,4,3,1,46,45,38,28,41,198
Between 18 to 25,Female,Rural,Unmarried,General,Above Poverty Line (APL),University,Government,Regular mode,Science,Not Applicable,Forth,Graduate,Graduate,No,No,3,3,3,4,4,4,4,5,4,1,2,3,3,4,3,4,5,4,4,3,5,2,3,4,1,1,3,1,1,2,3,3,1,5,5,3,3,3,3,3,5,1,3,4,4,5,2,3,3,5,5,5,4,3,5,4,5,3,5,4,1,5,3,3,3,3,54,46,38,36,47,221
Between 18 to 25,Female,Rural,Unmarried,Scheduled Caste,Below Poverty Line (BPL),College,Government,Regular mode,Arts,Arts,Second,Intermediate,Intermediate,No,No,4,2,3,3,2,4,3,3,2,3,1,2,2,4,2,2,2,2,4,2,3,1,3,3,4,3,4,4,3,4,4,3,3,2,4,2,4,3,2,2,4,5,3,4,3,3,2,3,4,4,3,2,4,2,4,2,4,4,4,3,5,4,3,4,2,2,42,52,35,28,43,200
Between 18 to 25,Female,Rural,Unmarried,General,Below Poverty Line (BPL),College,Government,Regular mode,Arts,Arts,Second,Intermediate,Intermediate,No,No,5,3,5,5,5,4,1,4,4,1,5,2,5,5,4,2,5,5,2,5,2,2,2,5,2,2,5,5,5,4,4,1,1,1,1,1,1,1,5,5,5,5,4,4,4,3,2,2,2,5,5,2,5,3,3,2,1,4,4,5,4,2,2,1,1,2,60,57,33,30,34,214
Between 18 to 25,Female,Rural,Unmarried,General,Above Poverty Line (APL),University,Government,Regular mode,Arts,Arts,Second,Literate,Intermediate,No,No,4,4,3,3,3,3,4,3,4,3,3,3,3,4,3,2,2,4,4,4,2,4,2,4,2,2,4,2,4,4,4,2,2,2,4,4,4,4,4,4,4,4,4,4,4,4,3,3,4,4,3,3,4,2,2,4,4,5,5,4,3,5,4,4,4,3,52,52,42,32,49,227
Between 18 to 25,Female,Rural,Unmarried,General,Below Poverty Line (BPL),University,Government,Regular mode,Arts,Arts,Second,Literate,Intermediate,No,No,2,3,3,3,2,3,3,4,3,3,2,2,3,2,3,3,2,2,2,3,2,2,3,4,2,3,2,3,3,2,2,2,2,4,3,3,3,2,2,2,4,2,2,2,3,2,3,3,3,3,3,3,3,2,2,2,2,4,3,2,2,2,4,2,3,2,44,41,29,26,32,172
Between 18 to 25,Male,Urban,Unmarried,General,Above Poverty Line (APL),University,Government,Regular mode,Arts,Not Applicable,Second,Above Graduation,Above Graduation,No,No,5,3,4,5,3,5,4,5,4,4,4,4,4,3,3,4,5,5,5,5,3,2,3,2,1,5,4,4,4,2,2,4,4,5,5,1,1,4,2,5,5,1,4,5,2,1,2,2,2,5,5,2,3,2,2,5,2,4,5,4,1,1,2,1,1,2,64,60,38,24,32,218
Between 18 to 25,Female,Rural,Unmarried,Other Backward Classes (OBC),Below Poverty Line (BPL),College,Government,Distance mode,Science,Arts,Second,Intermediate,Intermediate,No,No,1,2,3,2,2,3,4,4,5,3,2,1,4,3,3,1,2,3,2,2,1,1,1,4,1,3,1,4,2,2,2,3,3,2,5,5,3,2,3,4,5,4,4,3,2,3,4,4,4,2,3,3,2,3,3,3,4,4,3,4,2,5,2,4,3,4,43,37,40,27,44,191
Between 18 to 25,Female,Urban,Unmarried,General,Above Poverty Line (APL),University,Government,Regular mode,Arts,Arts,Forth,Intermediate,Graduate,No,No,3,2,4,5,3,3,2,3,4,4,3,3,2,4,3,2,5,2,2,3,5,2,3,2,1,3,2,2,2,2,2,3,2,2,2,2,2,2,1,1,1,1,1,1,1,3,1,3,3,1,3,1,3,3,2,2,4,2,2,4,2,2,2,2,1,1,50,43,16,19,29,157
Between 18 to 25,Male,Urban,Unmarried,General,Above Poverty Line (APL),College,Government,Regular mode,Arts,Arts,Forth,Intermediate,Intermediate,No,No,2,2,2,2,2,2,2,2,2,2,2,2,2,2,2,2,2,2,2,2,2,2,2,2,2,2,2,2,2,2,2,2,2,2,2,2,2,2,2,2,2,2,2,2,2,2,2,2,2,2,2,2,2,2,4,2,4,2,2,2,2,2,2,2,2,2,32,34,22,18,30,136
Between 18 to 25,Male,Rural,Unmarried,General,Above Poverty Line (APL),University,Government,Regular mode,Science,Not Applicable,Forth,Intermediate,Graduate,No,No,4,4,3,3,5,3,4,2,2,2,2,2,2,4,3,4,5,3,3,2,2,2,2,3,2,3,3,3,4,4,3,3,4,3,3,4,3,3,3,3,3,3,4,4,5,3,3,5,3,4,4,4,4,3,4,2,3,3,3,3,3,3,3,2,2,2,49,51,36,35,36,207
Between 18 to 25,Female,Urban,Unmarried,General,Above Poverty Line (APL),College,Government,Regular mode,Arts,Not Applicable,Second,Above Graduation,Above Graduation,No,No,3,1,2,3,2,4,3,3,3,3,2,3,4,2,2,2,2,2,2,2,2,2,2,2,2,2,2,2,2,2,2,2,2,2,2,2,2,2,2,2,2,2,2,2,2,2,2,2,2,2,2,2,2,2,2,2,2,2,2,2,2,2,2,2,2,2,42,34,22,18,26,142
Between 18 to 25,Female,Rural,Unmarried,Other Backward Classes (OBC),Above Poverty Line (APL),University,Government,Regular mode,Arts,Arts,Second,Graduate,Intermediate,No,No,3,4,3,4,4,4,3,4,3,4,4,2,2,2,4,4,4,2,2,3,3,2,2,2,2,2,2,3,2,2,3,4,2,3,2,2,4,3,2,4,2,4,4,4,2,2,2,2,2,3,4,2,2,2,2,2,2,2,4,2,2,2,2,2,2,2,54,42,34,21,28,179
Between 18 to 25,Female,Rural,Unmarried,Scheduled Caste,Below Poverty Line (BPL),University,Government,Regular mode,Arts,Arts,Sixth,Intermediate,Graduate,No,No,3,3,4,3,3,2,3,2,4,4,3,3,3,3,3,4,4,3,3,3,4,3,3,3,2,3,3,4,3,3,4,3,3,3,3,2,4,3,3,2,3,4,3,3,3,4,2,4,4,3,3,4,3,2,4,2,1,3,1,2,2,1,2,2,2,2,50,54,33,30,26,193
Between 18 to 25,Male,Urban,Unmarried,General,Below Poverty Line (BPL),University,Private,Regular mode,BSC in Yogic Science ,BSC in Yogic Science ,Sixth,Intermediate,Literate,No,No,3,3,3,3,3,3,3,3,3,3,3,3,3,3,3,3,3,3,3,3,3,3,3,4,4,4,3,3,2,2,2,3,4,4,1,1,2,1,4,5,2,2,3,3,2,2,4,4,4,3,2,3,2,3,3,3,3,2,3,3,3,3,2,2,3,4,48,52,28,26,37,191
Between 18 to 25,Male,Rural,Unmarried,General,Below Poverty Line (BPL),University,Government,Regular mode,Arts,Not Applicable,Sixth,Literate,Intermediate,No,No,4,2,4,4,1,3,3,4,4,3,2,2,2,4,3,4,4,4,4,3,4,3,4,4,2,5,3,1,1,3,2,4,2,4,5,3,2,3,3,4,2,1,3,4,4,4,3,3,4,2,5,2,4,1,4,2,5,4,4,3,2,3,1,2,4,2,49,53,34,31,37,204
Between 18 to 25,Female,Urban,Unmarried,General,Above Poverty Line (APL),University,Government,Regular mode,Arts,Arts,Forth,Above Graduation,Above Graduation,No,No,2,4,2,2,2,2,2,2,4,2,1,1,2,2,2,2,3,2,2,3,3,2,4,3,1,3,4,2,2,1,1,1,1,1,1,1,1,1,1,1,1,2,2,4,2,4,2,2,4,2,1,2,1,2,1,1,1,2,1,1,1,1,1,1,1,4,34,38,16,20,18,126
Between 18 to 25,Female,Rural,Unmarried,General,Below Poverty Line (BPL),University,Government,Regular mode,Science,Computer Science,Forth,Literate,Intermediate,No,No,2,2,3,2,2,3,2,2,2,2,2,2,2,2,2,2,2,2,2,2,2,2,2,3,2,2,2,2,2,4,2,4,2,2,2,2,2,2,2,2,2,2,2,2,2,2,2,2,2,2,2,2,2,2,2,2,2,2,2,2,2,2,2,2,2,2,34,39,22,18,26,139
Between 18 to 25,Male,Urban,Unmarried,General,Above Poverty Line (APL),College,Government,Regular mode,Arts,MA in yogic science,Second,Graduate,Graduate,No,No,3,3,2,3,2,4,3,2,3,3,2,2,2,3,3,2,2,3,2,3,2,3,2,3,3,2,3,3,2,2,2,2,2,3,4,2,2,2,2,3,3,3,3,2,2,2,2,2,3,2,2,2,2,2,2,2,1,3,2,3,2,2,2,2,2,2,42,41,29,19,27,158
Between 18 to 25,Female,Rural,Unmarried,General,Above Poverty Line (APL),College,Government,Regular mode,Commerce,Not Applicable,Forth,Graduate,Above Graduation,No,No,5,4,5,4,4,4,4,4,4,4,4,4,4,4,4,5,5,5,3,5,5,5,5,3,3,3,5,5,5,4,5,4,4,4,4,4,4,4,4,4,4,5,5,4,5,5,4,5,4,5,5,5,5,4,5,5,2,4,4,4,2,2,4,2,2,2,67,74,46,43,42,272
Between 18 to 25,Female,Urban,Unmarried,General,Above Poverty Line (APL),University,Government,Regular mode,Arts,Not Applicable,Forth,Graduate,Literate,No,No,1,1,2,2,1,1,1,1,1,3,1,1,2,1,3,1,4,1,1,1,5,1,1,1,1,3,1,3,1,1,1,1,1,1,1,1,1,1,1,1,1,1,1,1,1,1,1,1,1,1,1,1,1,1,1,1,3,1,3,1,1,1,1,1,1,1,23,28,11,9,17,88
Between 18 to 25,Female,Rural,Unmarried,Scheduled Caste,Above Poverty Line (APL),University,Government,Regular mode,Arts,Not Applicable,Forth,Literate,Intermediate,No,No,4,2,4,4,3,5,4,3,5,3,3,1,3,4,3,5,3,5,2,5,4,4,4,3,2,4,3,4,4,5,5,4,4,1,4,2,4,2,4,3,4,4,4,5,3,4,2,3,3,4,4,2,5,2,4,3,2,4,5,3,4,2,4,5,4,4,56,65,37,30,46,234
Between 18 to 25,Female,Urban,Unmarried,Other Backward Classes (OBC),Antyodaya,University,Government,Regular mode,Arts,Yoga,Forth,Literate,Literate,No,No,2,2,2,1,1,2,2,2,2,2,1,2,2,2,2,2,1,2,2,2,2,3,3,4,2,2,4,2,1,2,1,2,2,3,2,2,2,2,1,1,1,1,1,2,2,2,3,2,2,2,2,2,2,2,3,3,2,2,2,2,4,2,4,2,2,4,29,37,18,19,34,137
Between 18 to 25,Female,Urban,Unmarried,Other Backward Classes (OBC),Above Poverty Line (APL),University,Government,Regular mode,Arts,Science,Second,Intermediate,Intermediate,No,No,4,5,5,5,5,4,5,2,2,4,2,4,4,5,4,5,4,2,2,5,2,2,4,4,2,2,2,4,2,4,4,4,2,4,2,4,2,2,2,4,2,2,2,4,4,2,2,4,2,2,4,4,2,2,2,4,4,4,4,2,2,2,2,2,2,2,65,51,30,26,34,206
Between 18 to 25,Female,Rural,Unmarried,General,Above Poverty Line (APL),University,Government,Regular mode,Science,Not Applicable,Forth,Literate,Intermediate,No,No,3,2,4,3,4,4,3,4,4,2,2,3,4,4,4,4,4,4,4,4,4,4,4,2,3,2,2,4,4,4,4,4,4,4,4,4,4,4,4,4,4,2,4,4,4,4,4,4,4,4,4,4,4,4,4,4,4,4,4,3,4,4,4,4,4,4,54,61,42,36,51,244
Between 18 to 25,Female,Urban,Unmarried,General,Above Poverty Line (APL),University,Government,Regular mode,Not Applicable,Not Applicable,Sixth,Graduate,Above Graduation,No,No,3,4,4,5,5,4,3,2,3,2,4,3,4,4,4,3,5,3,2,4,4,3,3,3,2,3,3,3,3,3,4,3,3,3,4,2,1,2,1,1,1,1,1,2,3,5,1,2,1,2,2,4,5,2,1,2,1,2,1,2,1,1,1,1,1,1,57,54,19,25,17,172
Between 18 to 25,Female,Urban,Unmarried,Scheduled Caste,Above Poverty Line (APL),University,Private,Regular mode,Arts,Arts,Forth,Intermediate,Graduate,No,No,4,3,2,4,3,4,3,2,3,3,2,3,3,1,3,4,4,3,1,4,4,1,4,3,4,1,3,3,3,4,3,2,4,4,3,4,5,4,3,3,4,4,4,4,4,3,3,3,4,3,2,2,1,1,4,1,4,4,4,1,1,1,1,2,1,4,47,51,42,25,29,194
Between 18 to 25,Female,Urban,Unmarried,General,Above Poverty Line (APL),University,Government,Regular mode,Science,Not Applicable,Sixth,Above Graduation,Above Graduation,No,No,3,2,4,5,2,3,2,3,3,4,4,4,3,4,4,3,3,3,3,3,3,3,3,3,3,3,3,3,3,3,3,3,3,3,3,3,3,3,3,3,3,3,3,3,3,3,3,3,3,3,3,3,3,3,3,3,3,3,3,3,3,3,3,3,3,2,53,51,33,27,38,202
Between 18 to 25,Female,Urban,Unmarried,General,Below Poverty Line (BPL),University,Government,Regular mode,Not Applicable,Not Applicable,Sixth,Literate,Intermediate,No,No,4,2,4,2,2,4,2,4,2,4,2,2,4,2,2,2,4,2,4,4,2,2,4,4,2,4,2,4,4,3,2,3,3,3,4,2,4,3,2,2,2,3,2,3,3,2,4,4,4,2,4,2,3,2,3,3,2,4,4,2,2,4,4,3,2,3,44,53,30,28,38,193
Between 18 to 25,Female,Rural,Unmarried,General,Below Poverty Line (BPL),University,Government,Regular mode,Arts,Not Applicable,Sixth,Literate,Graduate,No,No,4,3,5,3,5,4,3,5,3,3,3,4,3,3,4,4,4,2,4,4,5,2,3,3,4,4,2,3,2,4,3,2,4,4,5,4,4,4,3,2,5,4,3,5,4,4,2,4,4,4,4,4,4,4,4,2,2,4,4,2,2,4,2,4,4,2,59,55,43,34,40,231
Between 18 to 25,Female,Rural,Unmarried,General,Above Poverty Line (APL),University,Government,Regular mode,Arts,Not Applicable,Sixth,Literate,Graduate,No,No,4,2,5,1,2,4,2,1,4,4,2,2,4,4,3,3,4,5,4,3,2,3,4,4,2,2,2,4,2,3,2,3,2,4,5,3,4,2,2,4,3,3,4,4,2,2,3,3,2,4,4,3,2,2,2,2,2,2,4,2,2,2,2,4,2,2,47,51,38,25,30,191
Between 18 to 25,Female,Urban,Unmarried,Scheduled Caste,Above Poverty Line (APL),University,Government,Regular mode,Science,Not Applicable,Forth,Literate,Graduate,No,No,4,4,4,4,3,4,4,4,4,4,3,3,4,4,3,2,3,3,2,2,3,2,3,2,2,2,2,2,2,2,2,3,2,2,2,3,2,3,2,2,2,2,2,2,3,2,2,3,2,3,3,3,3,3,5,3,3,3,4,3,4,3,2,3,2,2,58,39,24,24,40,185
Between 18 to 25,Female,Urban,Unmarried,Scheduled Caste,Below Poverty Line (BPL),University,Government,Regular mode,Arts,Arts,Forth,Literate,Intermediate,No,No,2,2,3,1,1,4,2,2,4,2,2,2,2,2,2,3,2,3,2,2,3,4,4,2,4,3,2,2,4,2,2,3,4,4,2,2,2,2,2,3,2,2,3,2,3,2,4,4,3,4,2,2,2,3,3,2,4,4,4,3,3,3,2,3,2,2,36,48,26,26,38,174
Between 18 to 25,Female,Urban,Unmarried,General,Above Poverty Line (APL),University,Government,Distance mode,Science,Science,Second,Intermediate,Graduate,No,No,2,2,2,2,2,2,2,2,2,2,2,2,2,3,2,2,2,2,2,2,2,2,2,2,2,2,2,2,2,2,2,1,1,2,2,3,3,2,2,2,2,2,2,2,2,2,2,2,2,2,2,2,2,2,2,2,2,3,2,4,2,2,2,2,2,2,33,32,24,18,29,136
Between 18 to 25,Female,Rural,Unmarried,General,Below Poverty Line (BPL),University,Government,Regular mode,Arts,Not Applicable,Sixth,Intermediate,Intermediate,No,No,3,4,4,4,4,4,2,3,4,2,2,2,2,3,3,2,5,4,3,2,4,2,2,2,3,2,3,4,2,2,2,4,4,4,4,4,2,2,2,2,2,2,3,4,3,4,2,2,2,2,2,2,4,2,2,4,2,2,4,2,2,2,4,2,2,4,48,50,31,23,34,186
Between 18 to 25,Female,Urban,Unmarried,General,Below Poverty Line (BPL),University,Government,Regular mode,Arts,Not Applicable,Second,Literate,Graduate,No,No,5,5,5,5,3,5,3,4,5,3,2,3,4,3,4,4,5,5,5,2,3,2,3,3,1,3,3,3,3,3,3,3,2,4,4,4,5,4,1,3,5,1,3,5,3,3,3,3,3,3,2,3,3,4,4,3,3,3,4,3,1,2,3,3,3,2,63,52,39,26,38,218
Between 18 to 25,Female,Urban,Unmarried,Other Backward Classes (OBC),Below Poverty Line (BPL),College,Government,Regular mode,Arts,Arts,Second,Literate,Literate,No,No,2,3,2,3,3,3,2,3,2,2,2,3,3,3,4,3,4,2,2,4,4,2,2,2,2,3,3,3,2,4,2,3,3,3,2,2,4,3,3,2,2,4,2,2,4,4,4,4,3,2,2,2,4,3,3,2,3,4,3,2,2,2,2,2,2,2,43,47,29,29,32,180
Between 18 to 25,Female,Urban,Unmarried,General,Above Poverty Line (APL),College,Government,Regular mode,Arts,Arts,Second,Graduate,Above Graduation,No,No,2,5,4,5,4,5,4,4,4,4,4,4,4,4,4,4,4,4,4,4,4,4,4,4,4,4,4,4,4,4,4,4,4,4,4,4,4,4,4,4,4,4,4,4,4,2,4,4,4,4,4,4,4,4,4,4,4,4,4,4,4,4,3,4,4,4,65,68,44,34,51,262
Between 18 to 25,Male,Rural,Unmarried,Scheduled Caste,Above Poverty Line (APL),University,Government,Regular mode,Science,Arts,Second,Literate,Graduate,No,No,3,3,3,4,3,3,3,3,3,3,3,3,3,4,3,4,4,3,4,4,4,3,3,4,4,4,4,4,3,3,4,3,4,4,4,4,4,3,3,4,4,4,4,4,4,4,4,4,4,5,5,2,4,4,3,3,3,3,4,3,4,3,2,3,4,4,51,62,42,36,43,234
Between 18 to 25,Male,Urban,Unmarried,General,Antyodaya,College,Government,Regular mode,Arts,Arts,First,Literate,Literate,No,No,4,4,2,4,4,3,3,4,3,3,3,4,5,4,4,4,4,4,3,3,2,1,3,2,4,2,2,2,3,3,3,3,2,2,2,2,2,2,1,1,1,1,1,1,3,2,3,4,4,4,4,4,3,3,4,4,4,3,4,4,4,4,4,4,4,3,58,46,16,31,49,200
Between 18 to 25,Female,Rural,Unmarried,General,Above Poverty Line (APL),University,Government,Regular mode,Arts,Not Applicable,Second,Literate,Graduate,No,No,3,1,3,2,3,4,3,3,4,3,3,5,4,4,4,3,4,5,5,3,4,5,4,5,2,4,3,3,2,3,3,3,2,5,5,4,2,2,2,2,2,1,2,3,3,2,4,4,3,4,2,3,5,4,2,1,3,2,4,2,3,2,2,4,4,2,52,60,30,30,35,207
Between 18 to 25,Female,Urban,Unmarried,General,Above Poverty Line (APL),College,Government,Regular mode,Arts,Not Applicable,Second,Above Graduation,Above Graduation,No,No,3,2,3,4,2,3,2,3,3,4,3,3,2,3,2,3,4,4,2,4,3,2,2,3,2,4,3,2,3,4,2,2,2,3,4,4,4,3,3,2,4,3,3,4,3,4,3,3,4,4,3,3,3,1,1,1,1,1,1,4,1,1,1,1,1,1,45,48,37,30,16,176
Between 18 to 25,Male,Urban,Unmarried,Scheduled Caste,Below Poverty Line (BPL),College,Government,Regular mode,Arts,Arts,Second,Intermediate,Graduate,No,No,2,2,3,2,2,2,2,2,2,2,2,2,2,2,2,2,2,2,2,2,2,2,2,2,2,2,2,2,2,2,2,2,2,2,2,2,2,2,2,2,2,2,2,2,2,2,2,2,2,2,2,2,2,2,2,2,2,2,2,2,2,2,2,2,2,2,33,34,22,18,26,133
Between 18 to 25,Male,Rural,Unmarried,General,Above Poverty Line (APL),College,Government,Regular mode,Science,Not Applicable,Second,Above Graduation,Above Graduation,No,No,1,3,2,2,1,3,2,2,2,3,2,2,2,3,2,3,4,1,3,3,3,2,3,3,2,3,3,2,2,4,4,3,2,3,2,2,2,2,2,2,2,2,2,2,2,2,2,2,2,2,2,2,2,2,2,2,2,2,2,2,2,1,1,1,1,1,35,47,23,18,21,144
Between 18 to 25,Male,Urban,Unmarried,General,Below Poverty Line (BPL),University,Government,Regular mode,Arts,Not Applicable,Second,Graduate,Graduate,No,No,2,2,2,2,2,2,2,2,2,2,2,2,2,2,2,2,2,2,2,2,2,2,2,2,2,2,2,2,2,2,2,2,2,2,2,2,2,2,2,2,2,2,2,2,2,2,2,2,2,2,2,2,2,2,2,2,2,2,2,2,2,2,2,2,2,2,32,34,22,18,26,132
Between 18 to 25,Male,Urban,Unmarried,General,Below Poverty Line (BPL),College,Government,Regular mode,Arts,Not Applicable,Second,Literate,Literate,No,No,4,3,3,3,4,3,4,4,4,5,2,2,3,3,2,3,4,4,1,3,3,1,3,1,3,3,3,3,4,3,3,3,2,4,4,4,5,3,4,3,3,4,4,4,5,3,2,4,3,4,4,4,3,4,5,2,4,4,4,3,3,4,2,2,2,3,52,47,42,32,42,215
Between 18 to 25,Female,Rural,Unmarried,General,Below Poverty Line (BPL),College,Government,Regular mode,Arts,Arts,Second,Intermediate,Intermediate,No,No,2,4,2,4,2,5,4,4,4,4,4,4,4,4,4,4,4,4,4,4,4,4,4,4,4,4,4,4,4,4,4,4,4,4,4,4,4,4,4,4,4,4,4,4,4,4,4,4,4,4,4,4,4,4,4,4,4,4,4,4,4,4,4,4,4,4,59,68,44,36,52,259
Between 18 to 25,Female,Rural,Unmarried,General,Above Poverty Line (APL),College,Government,Regular mode,Arts,Not Applicable,Second,Intermediate,Intermediate,No,No,4,3,4,3,4,5,4,4,4,2,2,2,4,3,4,2,5,4,3,5,4,2,3,4,2,5,3,2,4,2,2,1,3,4,5,4,4,3,4,5,4,2,4,4,4,4,4,3,4,4,3,3,5,4,4,4,2,2,1,3,2,1,4,2,1,3,54,54,43,34,33,218
Between 18 to 25,Female,Urban,Unmarried,Scheduled Caste,Above Poverty Line (APL),College,Government,Regular mode,Arts,Arts,Second,Above Graduation,Graduate,No,No,2,2,3,3,4,2,5,3,5,3,1,3,4,4,4,1,5,3,3,3,3,1,4,3,2,5,3,4,2,4,3,2,2,2,3,3,3,2,2,4,4,3,5,3,5,4,4,5,4,4,2,3,5,3,5,4,4,4,4,5,5,3,4,2,1,1,49,52,34,36,45,216
Between 18 to 25,Female,Urban,Unmarried,Scheduled Caste,Below Poverty Line (BPL),College,Government,Regular mode,Arts,Arts,Second,Literate,Literate,No,No,3,2,3,5,2,3,3,3,4,3,4,4,3,3,3,4,4,4,4,4,3,3,4,4,3,4,4,4,4,2,3,4,4,4,4,4,4,4,3,2,4,2,4,4,3,4,4,4,2,4,4,4,3,3,5,2,5,3,3,4,4,5,3,3,3,2,52,62,39,32,45,230
Between 18 to 25,Female,Rural,Unmarried,Scheduled Caste,Below Poverty Line (BPL),College,Government,Regular mode,Arts,Not Applicable,First,Intermediate,Intermediate,No,No,3,3,4,4,4,4,3,2,2,3,4,2,3,2,3,3,4,4,2,3,2,2,3,2,2,3,3,3,3,3,3,3,3,2,4,3,3,2,2,3,4,3,2,2,3,3,3,3,2,4,3,4,3,3,3,4,3,4,3,4,4,2,3,2,2,4,49,48,30,28,41,196
Between 18 to 25,Female,Urban,Unmarried,Other Backward Classes (OBC),Above Poverty Line (APL),University,Government,Regular mode,Arts,Arts,Sixth,Intermediate,Intermediate,No,No,4,2,5,2,2,3,3,3,4,3,2,3,3,2,3,3,3,4,3,3,2,2,2,3,1,2,2,2,2,3,2,2,2,4,3,3,3,3,2,1,3,4,3,3,2,2,2,2,3,3,3,4,3,3,4,3,3,3,4,4,3,3,3,4,2,2,47,40,32,24,41,184
Between 18 to 25,Male,Urban,Unmarried,Scheduled Caste,Above Poverty Line (APL),College,Private,Regular mode,Arts,Not Applicable,Second,Literate,Graduate,No,No,2,1,2,1,1,1,1,1,1,1,1,1,1,1,1,1,1,1,1,1,1,1,1,1,1,1,1,1,1,1,1,1,1,1,1,1,1,1,1,1,1,1,1,1,1,1,1,1,1,1,1,1,1,1,1,1,1,1,1,1,1,1,1,1,1,2,18,17,11,9,14,69
Between 18 to 25,Female,Rural,Unmarried,Scheduled Tribe,Below Poverty Line (BPL),College,Government,Regular mode,Arts,Arts,Second,Literate,Literate,No,No,3,3,2,2,2,3,3,2,3,2,2,2,3,2,3,4,2,4,4,2,2,4,2,4,2,3,2,2,2,2,2,4,2,4,3,2,3,2,2,2,3,3,4,4,4,4,4,4,4,2,2,2,3,2,2,2,4,2,2,2,3,4,3,5,4,3,41,45,32,29,38,185
Between 18 to 25,Female,Urban,Unmarried,General,Below Poverty Line (BPL),College,Government,Regular mode,Arts,Arts,Second,Literate,Literate,No,No,5,2,4,4,3,4,5,4,5,4,5,4,4,4,4,4,4,5,4,4,5,4,4,4,4,5,2,3,5,5,5,2,3,4,4,4,4,4,4,4,5,5,4,5,4,5,4,4,4,5,5,5,4,5,4,4,4,5,5,4,4,4,3,3,3,5,65,68,47,40,53,273
Between 18 to 25,Female,Urban,Unmarried,General,Above Poverty Line (APL),College,Government,Regular mode,Arts,Not Applicable,Second,Literate,Above Graduation,No,No,3,2,3,4,2,3,3,2,2,3,3,3,3,3,3,3,4,3,3,3,2,3,3,3,3,3,3,3,2,4,4,4,2,3,4,3,4,4,4,4,4,4,4,4,3,3,4,4,3,3,3,3,3,2,4,2,4,4,4,3,2,4,2,4,4,2,45,52,42,29,41,209
Between 18 to 25,Female,Rural,Unmarried,General,Below Poverty Line (BPL),College,Government,Regular mode,Arts,Not Applicable,Second,Graduate,Graduate,No,No,2,2,3,3,3,3,2,3,3,1,2,3,3,3,3,2,4,4,4,3,3,3,3,3,3,3,3,3,3,3,3,3,3,3,3,3,3,3,3,3,3,3,3,3,3,3,3,3,3,3,3,3,3,3,3,3,4,2,3,2,3,3,3,3,3,3,41,54,33,27,38,193
Between 18 to 25,Male,Rural,Unmarried,General,Above Poverty Line (APL),College,Government,Regular mode,Arts,Not Applicable,Second,Literate,Intermediate,No,No,1,1,3,1,2,2,2,2,2,2,1,2,3,2,2,2,4,2,2,3,3,3,4,4,3,4,4,3,3,4,3,2,4,3,3,4,4,4,4,4,5,4,3,3,4,4,3,4,4,4,4,3,3,2,4,3,3,4,2,3,4,3,3,4,3,2,30,55,41,33,40,199
Between 18 to 25,Male,Urban,Unmarried,Scheduled Caste,Above Poverty Line (APL),College,Government,Regular mode,Arts,Not Applicable,First,Intermediate,Graduate,No,No,3,2,2,3,2,4,2,1,4,4,2,2,5,5,3,4,1,3,4,3,5,2,3,5,4,3,4,4,2,4,3,4,4,1,2,3,1,3,2,3,5,3,3,2,3,2,5,2,1,3,1,2,2,5,4,4,2,2,2,1,2,1,2,2,1,3,48,58,28,21,31,186
Between 18 to 25,Female,Urban,Unmarried,General,Above Poverty Line (APL),College,Government,Regular mode,Arts,Arts,Second,Intermediate,Graduate,No,No,3,3,3,3,2,5,5,5,3,4,4,3,2,3,3,3,2,2,2,2,3,5,2,4,3,4,4,4,2,3,3,4,4,4,4,3,3,3,3,3,4,3,2,4,4,4,4,3,3,4,4,4,4,4,4,4,2,4,2,2,2,2,4,2,3,3,54,53,36,34,38,215
Between 18 to 25,Female,Urban,Unmarried,General,Above Poverty Line (APL),University,Government,Regular mode,Arts,Arts,Second,Intermediate,Intermediate,No,No,3,2,3,2,2,2,3,2,2,2,3,2,2,2,2,2,3,4,2,2,3,2,3,4,2,3,5,3,3,4,3,3,3,3,3,3,3,3,3,3,3,3,3,3,3,3,3,3,3,3,3,3,3,3,3,3,3,3,3,3,3,3,3,3,2,2,36,52,33,27,37,185
Between 18 to 25,Male,Rural,Unmarried,General,Below Poverty Line (BPL),College,Private,Regular mode,Arts,Arts,Second,Literate,Graduate,No,No,3,4,3,3,3,4,5,1,3,1,5,4,3,5,5,5,3,5,2,5,4,3,1,3,4,5,5,5,2,2,3,1,2,2,4,1,2,1,5,3,1,3,3,4,2,2,4,2,3,2,2,3,4,2,2,3,2,3,2,2,3,2,2,4,3,4,57,55,29,24,34,199
Between 18 to 25,Female,Rural,Unmarried,General,Below Poverty Line (BPL),College,Government,Regular mode,Arts,Arts,Second,Intermediate,Literate,No,No,3,4,5,4,5,2,1,4,3,5,4,2,3,5,4,2,5,4,5,5,4,1,4,2,5,4,3,4,4,3,4,4,3,1,4,5,2,4,5,4,2,4,1,2,4,3,2,4,5,2,4,2,4,3,2,5,1,5,2,3,4,2,5,5,5,4,56,64,34,30,46,230
Between 18 to 25,Female,Urban,Unmarried,General,Above Poverty Line (APL),College,Government,Regular mode,Arts,Arts,Forth,Graduate,Graduate,No,No,3,3,3,3,3,3,3,3,3,3,3,3,2,4,3,4,4,3,4,4,4,3,2,3,5,2,3,3,3,3,3,4,3,3,4,4,4,4,4,3,1,2,3,2,2,3,3,2,3,3,3,3,3,3,2,2,4,4,2,3,3,3,4,4,3,3,49,56,34,25,40,204
Between 18 to 25,Female,Urban,Unmarried,Scheduled Caste,Below Poverty Line (BPL),University,Private,Regular mode,Commerce,Not Applicable,First,Intermediate,Intermediate,No,No,2,4,4,4,2,4,4,2,4,2,2,2,2,2,4,2,4,2,2,2,2,2,2,2,4,3,2,2,4,3,3,5,3,4,2,4,2,2,4,4,4,2,2,4,4,2,3,2,4,4,4,2,3,2,2,4,4,4,4,4,4,2,4,4,4,4,46,47,34,28,46,201
Between 18 to 25,Male,Urban,Unmarried,General,Above Poverty Line (APL),University,Government,Regular mode,Commerce,Arts,Second,Intermediate,Graduate,No,No,2,3,3,2,3,2,3,4,4,5,3,4,3,3,4,4,4,4,2,4,2,3,3,3,2,3,3,3,2,3,3,4,2,3,4,2,2,3,3,3,3,3,3,3,3,3,3,3,3,5,4,5,3,4,3,3,3,3,3,3,3,3,3,3,3,3,52,50,32,32,40,206
Between 18 to 25,Female,Urban,Unmarried,General,Below Poverty Line (BPL),College,Government,Regular mode,Arts,Not Applicable,First,Graduate,Intermediate,No,No,4,2,4,2,1,5,2,3,4,3,4,4,3,4,3,3,2,4,5,2,1,2,4,4,3,3,4,4,2,4,3,4,4,4,5,4,4,4,4,4,5,4,4,5,3,3,4,4,4,4,4,4,4,4,4,4,5,5,4,4,5,5,5,4,4,4,51,55,47,34,57,244
Between 18 to 25,Female,Urban,Unmarried,Scheduled Caste,Below Poverty Line (BPL),College,Government,Regular mode,Arts,Arts,Second,Literate,Literate,No,No,2,3,3,3,3,3,3,3,3,3,3,3,3,3,3,3,3,3,3,3,3,2,3,4,2,2,2,2,2,2,2,2,2,2,2,2,2,2,2,4,2,2,2,2,2,2,2,2,2,2,2,2,2,2,2,2,4,2,2,2,2,2,2,2,4,2,47,42,24,18,30,161
Between 18 to 25,Male,Urban,Unmarried,General,Antyodaya,University,Government,Regular mode,Arts,Arts,Second,Graduate,Graduate,No,No,4,4,3,3,3,5,1,4,4,3,5,3,1,5,5,3,3,4,1,4,2,1,1,4,3,5,2,3,4,3,2,4,4,1,2,3,4,5,2,4,4,5,1,3,5,4,3,2,1,1,5,4,3,2,1,4,5,3,4,4,3,3,1,4,3,1,56,50,34,28,38,206
Between 18 to 25,Female,Urban,Unmarried,General,Antyodaya,College,Government,Regular mode,Arts,Arts,Second,Above Graduation,Above Graduation,No,No,4,4,4,4,2,2,4,4,4,4,4,4,4,4,4,3,3,3,3,3,4,3,3,3,2,2,3,3,2,2,2,4,2,2,3,2,2,4,4,3,2,3,3,2,3,3,2,2,2,2,2,2,2,2,2,2,2,2,3,4,3,3,3,3,2,3,59,47,30,20,34,190
Between 18 to 25,Female,Urban,Unmarried,General,Antyodaya,College,Private,Regular mode,Arts,Arts,Second,Literate,Intermediate,No,No,3,2,2,2,2,4,3,2,2,2,3,2,2,2,2,4,2,2,2,2,2,2,2,2,2,2,2,4,2,3,2,2,2,2,2,2,2,2,2,2,2,2,2,3,2,3,2,2,2,2,2,2,2,2,4,2,2,2,2,1,2,2,2,2,2,2,39,37,23,19,27,145
Between 18 to 25,Male,Urban,Unmarried,Scheduled Caste,Below Poverty Line (BPL),College,Government,Regular mode,Arts,Not Applicable,Second,Literate,Literate,No,No,4,2,2,4,2,4,2,3,4,3,1,3,1,3,1,2,2,1,2,5,2,2,4,2,1,5,2,2,1,4,2,1,3,2,2,2,5,2,3,2,1,1,1,2,3,3,3,3,2,3,3,3,3,3,3,3,3,3,3,3,3,3,3,3,3,3,41,41,23,26,39,170
Between 18 to 25,Male,Urban,Unmarried,General,Above Poverty Line (APL),College,Government,Regular mode,Arts,Not Applicable,Forth,Intermediate,Above Graduation,No,No,2,2,3,2,4,4,4,4,4,4,3,3,2,3,2,2,4,4,2,4,4,4,4,4,2,4,2,2,2,4,3,2,4,4,4,4,4,4,4,2,4,4,4,4,4,4,4,4,4,4,3,2,5,2,2,2,3,2,3,2,2,4,2,4,2,3,48,55,42,34,33,212
Between 18 to 25,Male,Urban,Unmarried,General,Below Poverty Line (BPL),Competative exams,Government,Distance mode,Arts,Not Applicable,Eighth,Literate,Literate,No,No,2,4,1,4,5,3,4,2,4,4,1,1,1,2,1,1,4,2,3,4,4,2,2,3,2,4,4,4,5,2,3,4,4,2,3,2,1,4,2,1,1,1,2,2,2,4,2,4,5,4,4,4,4,1,1,1,1,1,1,2,1,1,1,1,1,1,40,56,21,33,14,164
Between 18 to 25,Male,Urban,Unmarried,General,Above Poverty Line (APL),University,Private,Distance mode,Science,Science,Second,Literate,Intermediate,No,No,4,3,1,4,2,4,2,2,4,3,2,2,2,3,2,2,5,4,3,4,3,1,2,2,2,2,4,2,2,4,3,2,2,4,4,2,4,3,2,2,1,3,2,4,4,4,2,3,4,2,2,2,4,2,4,2,1,4,4,1,4,1,2,2,2,2,42,47,31,27,31,178
Between 18 to 25,Male,Urban,Unmarried,General,Above Poverty Line (APL),College,Government,Regular mode,Science,Science,Second,Above Graduation,Above Graduation,No,No,1,1,1,1,1,1,1,1,1,1,1,1,1,1,1,1,1,1,1,1,1,1,1,1,1,1,1,1,1,1,1,1,1,1,1,1,1,1,1,1,1,1,1,1,1,1,1,1,1,1,1,1,1,1,1,1,1,1,1,1,1,1,1,1,1,1,16,17,11,9,13,66
Between 18 to 25,Male,Rural,Unmarried,General,Antyodaya,College,Government,Regular mode,Science,Not Applicable,Second,Literate,Graduate,No,No,5,5,4,4,4,5,4,4,5,5,4,4,4,4,4,4,4,4,4,4,4,4,4,4,4,4,4,4,4,4,4,4,4,4,4,4,4,4,4,4,4,4,4,4,4,4,4,4,4,4,4,4,4,4,4,4,4,4,4,4,4,4,4,4,4,4,69,68,44,36,52,269
Between 18 to 25,Male,Rural,Unmarried,General,Below Poverty Line (BPL),College,Government,Distance mode,Not Applicable,Not Applicable,First,Graduate,Literate,No,No,5,5,5,4,5,3,4,1,2,5,3,3,2,4,2,5,5,1,1,1,1,1,3,2,2,2,5,3,2,1,2,1,2,2,1,1,1,4,1,5,1,1,5,1,2,3,3,3,3,3,1,5,5,1,1,1,2,1,5,5,1,5,1,4,4,2,58,35,23,28,33,177
Between 18 to 25,Male,Rural,Unmarried,General,Above Poverty Line (APL),College,Government,Regular mode,Science,Science,Second,Intermediate,Intermediate,No,No,2,2,2,2,2,2,2,2,2,2,2,2,2,2,2,2,2,2,2,2,2,2,2,2,2,2,2,2,2,2,2,2,2,2,2,2,2,2,2,2,2,2,2,2,2,2,2,2,2,2,2,2,2,2,2,2,2,2,2,2,2,2,2,2,2,2,32,34,22,18,26,132
Between 18 to 25,Male,Rural,Unmarried,General,Below Poverty Line (BPL),University,Government,Regular mode,Arts,Arts,Second,Literate,Literate,No,No,4,4,4,4,5,5,5,4,4,4,4,4,4,4,4,4,4,4,4,4,4,4,4,4,4,4,4,4,4,4,4,4,4,4,4,4,4,4,4,4,4,4,4,4,4,4,4,4,4,4,4,4,4,4,4,4,4,4,4,4,4,4,4,4,4,4,67,68,44,36,52,267
Between 18 to 25,Female,Urban,Unmarried,Scheduled Caste,Above Poverty Line (APL),University,Government,Regular mode,Science,Science,Second,Graduate,Graduate,No,No,3,3,3,3,2,4,4,2,3,4,2,3,5,3,4,4,4,3,2,2,2,2,2,1,2,2,3,4,3,2,2,2,2,2,3,2,2,2,2,2,2,2,2,2,2,2,2,2,2,3,3,2,1,1,2,2,2,2,2,3,3,2,2,3,3,2,52,40,23,19,29,163
Between 18 to 25,Male,Rural,Unmarried,General,Above Poverty Line (APL),College,Government,Regular mode,Science,Not Applicable,Forth,Literate,Intermediate,No,No,4,3,2,2,2,2,4,3,4,3,2,2,3,2,2,2,2,2,2,2,2,2,2,3,2,2,2,2,2,2,2,2,2,2,2,2,2,2,2,2,2,2,2,2,2,2,2,2,2,3,3,2,2,2,2,2,3,2,2,2,2,3,2,2,2,2,42,35,22,20,28,147
Between 18 to 25,Female,Urban,Unmarried,General,Above Poverty Line (APL),College,Government,Regular mode,Science,Not Applicable,Sixth,Above Graduation,Above Graduation,No,No,4,2,4,4,2,4,2,4,3,3,2,2,2,3,2,2,3,2,2,1,1,1,2,5,1,1,1,3,1,3,3,3,2,2,4,2,2,2,1,1,1,2,1,1,1,1,1,2,2,2,2,2,2,1,4,2,1,1,1,1,1,1,1,1,1,1,45,35,19,15,17,131
Between 18 to 25,Male,Rural,Unmarried,General,Below Poverty Line (BPL),College,Government,Regular mode,Science,Not Applicable,Second,Literate,Intermediate,No,No,3,3,3,4,2,4,3,4,4,2,3,3,2,3,3,4,4,4,4,4,4,2,4,2,2,5,5,4,3,4,4,3,4,4,4,2,2,2,2,2,4,3,2,4,4,5,4,4,4,3,4,2,4,2,4,2,3,3,4,3,4,2,1,3,4,2,50,62,31,34,37,214
Between 18 to 25,Female,Rural,Unmarried,General,Below Poverty Line (BPL),College,Private,Regular mode,Science,Science,Forth,Graduate,Intermediate,No,No,4,2,2,2,2,4,4,4,4,4,1,4,5,5,5,3,3,3,2,2,1,2,1,3,1,2,3,3,4,4,4,4,3,2,1,2,3,2,1,3,2,3,3,3,2,1,3,3,2,3,3,3,4,4,3,3,3,3,3,4,4,4,4,4,4,4,55,45,25,24,47,196
Between 18 to 25,Female,Rural,Unmarried,Scheduled Caste,Below Poverty Line (BPL),University,Government,Regular mode,Arts,Not Applicable,Sixth,Intermediate,Intermediate,No,No,4,3,4,5,2,4,5,3,4,4,3,3,2,2,2,5,5,4,1,1,3,1,1,1,1,5,4,5,3,1,3,5,3,4,5,2,2,4,2,4,4,4,4,4,5,5,4,5,4,4,4,2,4,2,2,2,3,2,5,3,1,1,1,1,1,1,55,47,39,37,25,203
Between 18 to 25,Female,Urban,Unmarried,General,Below Poverty Line (BPL),College,Government,Regular mode,Science,Science,Second,Literate,Literate,No,No,3,3,3,4,2,4,3,3,4,4,4,2,4,2,3,3,2,4,4,4,1,2,4,4,2,2,2,3,2,4,4,4,2,4,4,2,3,2,2,3,4,4,4,4,3,3,2,2,2,2,2,3,3,2,2,2,2,2,2,2,2,3,2,4,4,2,51,50,36,22,31,190
Between 18 to 25,Male,Rural,Unmarried,Scheduled Caste,Below Poverty Line (BPL),University,Government,Regular mode,Arts,Arts,Third,Literate,Literate,No,No,3,3,4,4,3,4,4,3,3,4,3,3,4,4,3,4,4,4,4,4,3,3,3,3,3,3,3,3,2,1,1,1,3,4,4,3,3,3,3,2,2,2,4,4,3,4,2,3,4,4,4,4,3,3,4,2,5,2,4,4,2,4,2,4,3,2,56,48,34,31,41,210
Between 18 to 25,Female,Rural,Unmarried,General,Above Poverty Line (APL),University,Government,Regular mode,Science,Not Applicable,Second,Graduate,Graduate,No,No,3,2,4,4,2,4,2,2,4,2,2,2,2,3,2,1,5,5,3,1,3,3,3,4,1,4,3,3,2,2,1,1,1,4,3,4,4,3,1,2,4,5,1,5,3,2,1,3,3,4,1,3,4,4,3,5,1,5,3,3,1,1,5,1,1,4,41,45,36,24,37,183
Between 18 to 25,Female,Rural,Unmarried,General,Above Poverty Line (APL),University,Government,Regular mode,Arts,Arts,Second,Literate,Literate,No,No,4,4,4,3,2,4,3,2,3,2,2,3,3,3,2,3,3,3,3,3,3,4,3,3,3,3,3,5,2,5,3,5,4,3,4,3,2,2,2,2,4,2,4,3,4,3,4,4,5,4,3,3,2,2,3,1,3,2,4,2,5,2,2,2,2,2,47,58,31,32,32,200
Between 18 to 25,Female,Rural,Unmarried,General,Above Poverty Line (APL),University,Government,Regular mode,Arts,Not Applicable,Forth,Intermediate,Intermediate,No,No,2,3,1,1,1,1,2,1,5,1,1,1,3,2,1,2,3,2,1,3,3,3,2,1,1,5,4,4,4,2,2,2,2,2,4,1,1,2,2,4,2,2,2,4,3,2,4,2,5,4,2,1,4,1,4,5,2,5,2,5,2,2,5,2,2,1,28,44,26,27,38,163
Between 18 to 25,Male,Rural,Unmarried,General,Below Poverty Line (BPL),College,Government,Regular mode,Science,Science,Forth,Literate,Literate,No,No,5,5,5,5,5,5,5,5,5,5,5,3,3,5,4,5,5,4,4,4,3,2,3,2,3,3,3,3,3,3,3,5,3,3,3,5,5,5,4,3,4,5,4,3,4,5,2,3,3,3,2,2,2,4,4,2,5,4,5,4,5,5,4,5,5,5,75,56,44,26,57,258
Between 18 to 25,Female,Rural,Unmarried,General,Below Poverty Line (BPL),University,Government,Regular mode,Science,Science,Forth,Intermediate,Intermediate,No,No,2,2,4,2,2,4,3,4,4,4,2,4,3,3,2,2,3,3,4,2,2,2,4,4,2,2,2,3,2,4,2,3,2,4,4,2,4,2,4,4,4,4,4,4,2,2,2,3,4,4,3,2,3,3,5,4,4,4,5,2,3,5,5,5,3,2,47,46,40,25,50,208
Between 18 to 25,Male,Urban,Unmarried,Scheduled Caste,Below Poverty Line (BPL),University,Government,Regular mode,Arts,Arts,Sixth,Intermediate,Literate,No,No,3,2,4,5,4,4,5,3,2,4,4,5,4,3,4,3,3,2,3,4,4,3,3,4,3,3,4,2,4,4,4,4,3,3,2,3,4,4,3,4,4,4,3,3,2,3,2,4,4,4,3,4,3,3,4,5,3,4,3,3,5,4,3,2,5,4,59,57,37,29,48,230
Between 18 to 25,Female,Rural,Unmarried,General,Above Poverty Line (APL),University,Government,Distance mode,Science,Science,Forth,Literate,Intermediate,No,No,4,4,3,5,4,5,5,5,5,5,5,5,5,5,3,5,3,3,5,5,3,2,3,3,3,3,3,3,3,3,3,3,3,3,3,3,3,3,3,3,3,3,3,3,3,3,3,3,3,3,3,3,3,3,3,3,3,3,3,3,3,3,3,3,3,3,73,54,33,27,39,226
Between 18 to 25,Female,Rural,Unmarried,General,Below Poverty Line (BPL),University,Government,Regular mode,Arts,Arts,Sixth,Intermediate,Intermediate,No,No,4,2,5,1,1,5,4,5,5,4,4,2,5,2,5,4,2,5,4,2,4,4,4,5,2,2,2,4,2,2,2,5,2,5,5,4,4,4,2,4,5,5,5,5,2,2,3,3,2,3,3,2,3,3,4,4,3,3,5,1,1,5,4,5,1,5,58,53,48,23,44,226
Between 18 to 25,Female,Rural,Unmarried,General,Below Poverty Line (BPL),University,Government,Regular mode,Science,Science,Forth,Literate,Intermediate,No,No,3,2,3,2,2,4,4,2,2,2,2,3,3,2,2,2,2,3,3,2,1,1,2,3,1,1,1,2,1,1,1,3,2,3,3,4,2,1,1,1,3,1,1,1,1,2,2,2,2,2,2,2,2,2,3,2,2,2,2,2,2,2,2,2,2,2,40,30,21,17,27,135
Between 18 to 25,Male,Rural,Unmarried,General,Below Poverty Line (BPL),College,Government,Regular mode,Science,Science,Forth,Above Graduation,Above Graduation,No,No,2,3,4,2,2,2,4,2,4,2,2,2,3,2,2,2,2,2,2,2,2,2,2,2,2,2,2,2,2,2,2,2,2,2,2,2,2,2,2,2,4,2,2,4,2,2,2,2,2,4,2,2,2,2,2,2,2,2,2,2,2,2,2,2,2,2,40,34,26,20,26,146
Between 18 to 25,Female,Rural,Unmarried,General,Below Poverty Line (BPL),College,Government,Regular mode,Science,Science,Second,Graduate,Graduate,No,No,3,2,2,1,2,3,3,2,2,3,2,2,3,2,2,2,1,2,2,3,2,1,1,5,2,2,2,3,2,4,2,3,2,3,3,2,4,3,2,2,2,2,2,2,2,2,2,2,3,1,2,2,1,3,2,2,2,2,2,2,2,2,2,2,2,2,36,39,27,17,27,146
Between 18 to 25,Female,Rural,Unmarried,General,Above Poverty Line (APL),College,Government,Regular mode,Science,Science,Second,Literate,Above Graduation,No,No,4,4,4,4,2,4,4,4,4,4,3,3,4,4,4,4,4,4,3,3,3,3,4,4,3,4,4,4,4,5,3,4,2,4,3,4,4,4,2,2,2,2,2,2,3,3,3,3,3,4,2,3,3,2,4,2,2,2,2,2,2,2,2,2,2,3,60,61,31,27,29,208
Between 18 to 25,Female,Rural,Unmarried,General,Above Poverty Line (APL),University,Government,Regular mode,Science,Science,Forth,Intermediate,Intermediate,No,No,4,2,2,2,4,4,4,2,2,2,4,2,2,2,2,2,4,4,2,2,2,2,2,2,2,2,2,2,2,2,2,2,2,2,2,2,2,2,2,2,2,2,2,2,2,2,2,2,2,2,2,2,2,2,2,2,4,2,2,2,2,2,2,2,2,2,42,38,22,18,28,148
Between 18 to 25,Female,Rural,Unmarried,General,Below Poverty Line (BPL),College,Private,Regular mode,Science,Science,Second,Intermediate,Graduate,No,No,4,2,4,2,2,4,2,4,4,4,2,2,4,4,2,2,2,4,4,4,2,4,4,2,2,2,2,4,2,2,2,2,2,2,4,2,4,4,2,4,2,3,2,2,4,2,4,1,4,2,4,4,2,3,3,4,4,2,2,4,2,2,2,2,2,4,48,46,31,27,36,188
Between 18 to 25,Male,Urban,Unmarried,Scheduled Caste,Above Poverty Line (APL),College,Government,Regular mode,Science,Science,Forth,Graduate,Above Graduation,No,No,3,3,3,4,4,4,4,3,3,4,3,3,3,3,4,1,5,4,3,3,4,3,3,3,2,5,4,3,3,2,4,3,2,3,4,3,4,2,3,3,2,3,3,3,3,3,2,3,2,4,3,2,5,2,2,2,3,3,4,2,2,2,2,2,2,2,52,56,33,27,30,198
Between 18 to 25,Female,Rural,Unmarried,General,Below Poverty Line (BPL),College,Government,Regular mode,Science,Science,Second,Literate,Literate,No,No,2,2,2,2,2,2,2,2,2,2,2,2,2,2,2,2,2,2,2,2,2,2,2,2,2,2,2,2,2,2,2,2,2,2,2,2,2,2,2,2,2,2,2,2,2,2,2,2,2,2,2,2,2,2,2,2,2,2,2,2,2,2,2,2,2,2,32,34,22,18,26,132
Between 18 to 25,Male,Rural,Unmarried,General,Below Poverty Line (BPL),College,Government,Regular mode,Science,Science,Second,Literate,Literate,No,No,3,2,2,2,2,2,2,2,2,2,2,2,2,2,2,2,2,2,2,2,4,2,4,4,2,4,2,2,4,5,2,2,2,2,2,2,2,2,2,2,2,2,2,2,2,2,2,2,4,2,2,2,4,2,2,2,2,4,4,2,2,2,2,2,2,2,33,47,22,22,30,154
Between 18 to 25,Female,Rural,Unmarried,Other Backward Classes (OBC),Below Poverty Line (BPL),University,Government,Regular mode,Science,Science,Second,Literate,Literate,No,No,2,1,2,1,1,3,2,1,3,2,1,2,2,3,2,1,2,3,3,2,1,1,3,3,1,2,2,1,2,3,2,2,1,4,4,3,3,2,1,2,3,1,2,2,1,2,2,2,2,1,2,2,2,2,3,2,3,3,3,2,2,3,2,3,2,2,29,34,27,16,32,138
Between 18 to 25,Female,Urban,Unmarried,General,Above Poverty Line (APL),College,Government,Regular mode,Science,Science,Second,Intermediate,Intermediate,No,No,3,4,4,2,3,4,5,2,5,3,2,2,4,2,2,2,4,4,4,2,4,1,2,4,2,2,4,2,4,4,4,4,2,2,4,4,2,2,2,4,4,2,5,4,2,4,4,4,4,2,2,4,2,2,4,2,2,4,1,2,2,2,3,1,2,2,49,53,35,28,29,194
Between 18 to 25,Male,Rural,Unmarried,Scheduled Caste,Below Poverty Line (BPL),College,Government,Regular mode,Science,Science,Forth,Literate,Literate,No,No,4,1,4,2,5,4,4,3,4,4,3,2,2,4,2,4,4,4,4,4,4,4,4,2,2,2,2,2,4,4,2,2,2,4,2,4,2,2,2,2,2,2,2,2,4,4,4,4,4,4,2,4,2,4,4,2,2,4,4,2,2,2,2,2,4,2,52,52,26,32,36,198
Between 18 to 25,Female,Urban,Unmarried,General,Below Poverty Line (BPL),College,Private,Regular mode,Science,Science,Forth,Graduate,Graduate,No,No,2,3,4,2,2,2,4,3,3,3,3,3,3,3,3,3,3,3,3,3,3,3,3,3,3,3,3,3,4,4,4,4,4,4,3,3,3,4,4,4,4,4,4,4,4,4,4,4,4,4,4,4,4,4,4,4,4,4,4,4,4,4,4,4,4,4,46,56,41,36,52,231
Between 18 to 25,Female,Rural,Unmarried,General,Below Poverty Line (BPL),University,Government,Regular mode,Science,Science,Second,Literate,Intermediate,No,No,4,2,3,3,4,4,3,3,4,3,2,2,4,4,2,3,4,4,4,2,3,3,3,4,1,2,3,4,3,4,2,4,3,4,4,3,2,3,3,4,4,2,3,4,2,3,2,2,2,3,3,3,3,3,3,3,3,2,3,3,2,3,2,4,3,3,50,53,36,23,37,199
Between 18 to 25,Male,Rural,Unmarried,General,Below Poverty Line (BPL),University,Government,Regular mode,Science,Science,Forth,Literate,Literate,No,No,2,2,3,4,1,4,2,2,3,4,2,2,2,2,2,4,3,2,3,4,4,2,2,1,2,2,3,2,2,2,2,2,2,2,2,2,2,2,2,2,1,2,1,3,3,3,2,2,4,2,2,2,4,2,3,3,2,3,5,3,2,4,2,3,2,3,41,40,21,24,37,163
Between 18 to 25,Male,Urban,Unmarried,General,Above Poverty Line (APL),College,Government,Regular mode,Science,Not Applicable,Second,Graduate,Graduate,No,No,4,3,2,3,4,3,5,2,4,3,4,4,5,4,4,4,4,5,5,3,2,2,2,2,2,4,4,3,3,2,2,2,2,5,5,2,5,2,5,5,5,2,2,5,2,4,2,2,2,4,4,3,2,5,2,3,2,3,2,4,2,2,3,4,2,2,58,49,43,25,36,211
Between 18 to 25,Female,Urban,Unmarried,Other Backward Classes (OBC),Above Poverty Line (APL),University,Private,Regular mode,Arts,Arts,Sixth,Intermediate,Intermediate,No,No,2,2,2,2,2,4,4,2,2,4,2,2,2,2,2,2,2,2,4,2,2,2,2,4,2,2,2,2,2,2,2,2,2,2,2,2,2,2,2,2,2,2,2,2,2,2,2,2,2,2,2,2,2,2,2,2,2,2,2,2,2,2,2,2,2,2,38,38,22,18,26,142
Between 18 to 25,Female,Urban,Unmarried,General,Above Poverty Line (APL),University,Government,Regular mode,Arts,MBA,Second,Above Graduation,Above Graduation,No,No,2,2,2,2,2,2,2,2,2,2,2,2,2,2,2,2,1,2,2,2,2,2,2,2,1,1,1,2,2,2,2,2,2,2,2,2,2,2,2,2,2,2,2,2,2,2,2,2,2,2,2,2,2,2,2,2,2,2,2,2,2,2,2,2,2,2,32,30,22,18,26,128
Between 18 to 25,Male,Urban,Unmarried,General,Above Poverty Line (APL),College,Government,Regular mode,Science,Not Applicable,Forth,Above Graduation,Intermediate,No,No,3,2,2,2,2,3,2,2,4,3,2,2,2,2,2,2,4,2,3,4,2,2,2,2,2,2,3,2,2,3,2,2,2,2,4,2,4,2,2,2,2,2,2,3,4,2,2,3,4,4,2,2,2,2,2,2,2,4,2,3,2,2,2,2,2,2,37,41,27,25,29,159
Between 18 to 25,Male,Urban,Unmarried,General,Above Poverty Line (APL),University,Government,Regular mode,Arts,Arts,Eighth,Intermediate,Above Graduation,No,No,5,5,5,4,2,4,1,5,4,2,3,4,3,1,3,4,4,5,3,5,1,1,2,2,2,1,3,1,1,1,2,2,4,3,3,4,4,3,2,4,1,1,1,1,1,4,5,5,5,5,4,3,3,4,3,5,5,1,5,4,3,3,3,3,1,2,55,40,27,35,42,199
Between 18 to 25,Male,Rural,Unmarried,General,Above Poverty Line (APL),University,Government,Distance mode,Science,Science,Forth,Literate,Literate,No,No,3,2,2,2,1,2,3,2,5,4,1,3,3,5,1,4,4,4,4,3,4,4,4,4,1,3,4,1,2,4,4,1,3,4,4,2,4,2,3,1,4,1,4,4,2,3,4,2,4,4,4,4,5,1,4,3,4,4,5,4,5,2,4,2,2,2,43,54,33,32,42,204
Between 18 to 25,Male,Rural,Unmarried,Other Backward Classes (OBC),Below Poverty Line (BPL),University,Private,Regular mode,Arts,Arts,Second,Literate,Literate,No,No,4,4,4,2,4,4,5,2,1,3,5,4,3,3,2,1,3,3,4,3,3,3,4,3,3,5,4,4,2,4,5,3,3,3,3,4,5,3,3,3,4,2,3,4,4,4,4,4,3,4,4,4,4,3,4,5,3,2,2,4,4,4,4,5,3,4,51,59,37,35,47,229
Between 18 to 25,Male,Rural,Unmarried,General,Below Poverty Line (BPL),College,Government,Regular mode,Science,Science,Sixth,Literate,Literate,No,No,4,4,2,4,2,2,2,2,2,2,2,2,2,2,2,2,2,2,2,2,2,2,2,3,3,2,2,2,2,2,2,2,5,1,1,1,1,1,1,2,5,5,5,4,4,3,2,4,2,4,4,4,5,2,4,2,4,2,4,2,2,4,2,4,2,2,38,39,27,32,36,172
Between 18 to 25,Female,Rural,Unmarried,General,Above Poverty Line (APL),University,Government,Distance mode,Science,Science,Third,Above Graduation,Above Graduation,No,No,5,4,4,3,4,4,2,3,4,4,4,3,5,5,4,5,5,5,5,4,5,3,4,4,3,3,4,3,3,4,4,2,3,5,5,5,4,2,2,4,4,2,4,4,4,5,2,4,4,4,4,5,5,3,4,5,4,5,4,5,5,4,5,5,4,3,63,64,41,37,56,261
Between 18 to 25,Male,Rural,Unmarried,General,Above Poverty Line (APL),College,Government,Regular mode,Science,Science,Second,Literate,Graduate,No,No,2,2,3,2,2,2,3,3,3,2,2,1,3,3,2,3,4,4,2,2,2,2,3,2,2,3,2,3,2,1,2,2,1,2,4,2,2,2,2,3,2,3,3,1,2,2,2,3,1,1,3,3,3,2,2,3,2,3,2,2,3,3,2,2,2,2,38,39,26,20,30,153
Between 18 to 25,Male,Rural,Unmarried,Other Backward Classes (OBC),Below Poverty Line (BPL),University,Government,Regular mode,Science,Arts,Second,Graduate,Literate,No,No,5,5,5,5,5,5,5,5,5,5,5,5,5,5,5,5,4,3,3,4,5,5,5,4,3,3,4,5,5,5,5,4,3,3,4,4,5,5,2,1,1,3,3,3,4,5,5,5,4,4,4,3,3,4,5,5,4,4,4,4,5,4,4,5,5,5,80,70,34,37,58,279
Between 18 to 25,Female,Rural,Unmarried,General,Above Poverty Line (APL),University,Private,Regular mode,Science,Science,Second,Graduate,Above Graduation,No,No,4,4,5,5,2,4,3,2,2,4,2,2,2,3,2,3,5,4,2,3,4,2,2,3,2,2,2,5,2,5,2,5,4,4,3,4,4,5,5,4,2,2,4,3,5,3,4,4,5,2,4,5,3,4,4,2,4,2,5,2,2,2,2,4,1,2,49,54,40,35,36,214
Between 18 to 25,Female,Urban,Unmarried,General,Above Poverty Line (APL),University,Government,Distance mode,Arts,Not Applicable,First,Graduate,Intermediate,No,No,3,3,4,2,2,2,2,2,4,3,2,2,3,4,2,3,4,2,2,2,2,2,3,3,3,3,2,3,3,4,3,3,3,3,4,2,2,3,2,2,4,2,3,3,3,3,3,3,3,4,2,5,4,4,4,5,3,5,5,3,2,2,5,3,2,4,43,47,30,30,47,197
Between 18 to 25,Female,Urban,Unmarried,General,Below Poverty Line (BPL),sgrr pg college ,Government,Distance mode,Arts,Arts,First,Intermediate,Intermediate,No,No,4,4,5,4,3,4,5,3,4,5,5,3,5,4,4,4,5,4,5,4,5,2,3,4,2,4,3,4,4,1,3,3,3,3,3,3,3,3,3,3,3,4,2,4,4,4,4,4,4,4,4,4,4,4,4,4,4,4,4,4,2,3,3,3,3,3,66,59,34,36,45,240
Between 18 to 25,Female,Urban,Unmarried,General,Above Poverty Line (APL),College,Government,Distance mode,Science,Science,First,Above Graduation,Above Graduation,No,No,3,3,3,1,1,4,4,3,4,3,3,4,4,3,5,4,4,5,4,5,3,4,2,4,2,3,2,3,3,3,3,3,2,3,4,4,4,4,3,3,4,4,3,3,4,3,3,3,4,4,4,3,3,3,2,4,5,3,3,5,4,5,4,2,3,3,52,55,39,31,46,223
Between 18 to 25,Female,Urban,Unmarried,General,Above Poverty Line (APL),University,Private,Distance mode,Commerce,Commerce,First,Graduate,Graduate,No,No,3,3,2,2,2,4,4,1,4,2,2,4,1,4,4,3,5,1,1,3,4,2,5,2,2,3,5,3,1,3,4,2,2,1,3,5,2,1,1,1,3,1,1,1,1,3,3,2,4,3,1,3,1,2,1,1,1,1,1,1,1,1,1,1,1,4,45,48,20,21,17,151
Between 18 to 25,Female,Urban,Unmarried,General,Above Poverty Line (APL),University,Government,Distance mode,Arts,Arts,Second,Graduate,Above Graduation,No,No,4,3,4,4,2,4,4,3,4,3,2,3,2,2,3,3,4,4,3,3,4,4,3,3,3,4,3,4,3,4,3,4,4,4,4,2,4,3,2,4,4,2,2,4,5,4,4,3,5,4,4,4,4,2,4,3,3,4,4,2,2,4,2,2,2,2,50,60,35,37,36,218
Between 18 to 25,Female,Rural,Unmarried,General,Below Poverty Line (BPL),College,Government,Distance mode,Arts,Not Applicable,First,Graduate,Intermediate,No,No,4,3,4,3,4,4,4,4,4,4,3,2,4,4,4,3,4,4,4,2,4,2,2,2,4,2,4,2,2,2,3,4,3,3,2,3,2,2,3,2,2,2,2,2,2,4,4,4,4,4,2,4,3,2,2,2,2,2,2,2,2,2,2,2,2,2,58,50,25,31,26,190
Between 18 to 25,Female,Rural,Unmarried,Other Backward Classes (OBC),Above Poverty Line (APL),University,Government,Distance mode,Commerce,Not Applicable,First,Literate,Literate,No,No,4,2,2,1,1,1,2,2,2,2,2,2,4,2,2,2,2,2,2,2,2,2,2,4,2,2,2,2,2,2,4,2,2,2,2,2,2,2,2,2,3,2,2,2,2,2,2,2,2,2,2,2,2,2,2,2,2,2,2,2,2,2,2,2,2,2,33,38,23,18,26,138
Between 18 to 25,Male,Urban,Unmarried,General,Above Poverty Line (APL),University,Government,Regular mode,Arts,Not Applicable,Sixth,Intermediate,Above Graduation,No,No,3,2,4,2,4,4,3,4,4,3,3,3,4,4,4,4,4,2,2,4,4,4,4,3,2,3,4,2,2,2,4,2,2,4,4,3,4,2,3,2,5,2,4,4,4,4,4,4,5,3,3,4,4,2,3,2,3,2,4,2,2,2,2,2,2,2,55,50,37,35,30,207
Between 18 to 25,Male,Rural,Unmarried,General,Above Poverty Line (APL),College,Private,Distance mode,Commerce,Commerce,Second,Intermediate,Intermediate,No,No,3,5,4,4,4,4,5,4,5,1,2,4,4,4,4,5,5,4,4,5,4,4,2,3,4,5,4,4,4,4,5,1,1,4,2,5,4,5,5,4,5,5,4,4,3,3,4,5,5,5,5,4,4,4,4,5,5,5,5,4,4,3,5,5,5,5,62,63,47,38,59,269
Between 18 to 25,Female,Rural,Unmarried,Scheduled Caste,Above Poverty Line (APL),College,Private,Distance mode,Science,Arts,First,Literate,Intermediate,No,No,4,4,4,4,4,4,4,4,4,4,4,4,4,4,4,4,4,3,3,4,4,4,4,4,4,4,4,4,4,4,4,4,4,4,4,4,4,4,4,4,4,4,3,4,4,4,4,4,4,4,4,3,4,4,4,3,4,5,4,5,4,4,4,4,4,4,64,66,43,35,53,261
Between 18 to 25,Male,Urban,Unmarried,General,Below Poverty Line (BPL),University,Government,Distance mode,Commerce,Commerce,First,Intermediate,Intermediate,No,No,5,5,5,3,4,4,5,5,5,5,5,5,5,5,5,5,5,5,5,5,5,5,5,5,5,5,5,5,5,5,5,5,5,5,5,5,5,5,5,5,5,5,5,5,5,5,5,5,5,5,5,5,5,5,5,5,5,5,5,5,5,5,5,5,5,5,76,85,55,45,65,326
Between 18 to 25,Female,Rural,Unmarried,General,Below Poverty Line (BPL),University,Government,Distance mode,Arts,Not Applicable,First,Literate,Literate,No,No,4,4,4,4,5,3,3,3,3,4,3,5,4,2,3,4,3,3,3,4,4,3,2,1,3,2,4,3,3,2,4,3,4,3,4,3,4,4,3,4,3,2,3,3,4,3,3,3,3,3,3,4,4,2,1,5,4,3,5,3,4,4,3,5,4,3,58,51,36,30,46,221
Between 18 to 25,Male,Rural,Unmarried,Scheduled Caste,Above Poverty Line (APL),University,Government,Distance mode,Arts,Arts,First,Literate,Literate,No,No,2,2,2,2,2,2,3,3,3,3,3,3,3,2,2,1,2,3,2,3,2,5,4,3,2,2,3,3,3,3,2,4,4,3,4,4,4,3,3,3,4,4,4,4,3,4,4,2,3,3,3,3,4,2,3,2,3,3,4,3,3,3,3,3,3,3,38,50,40,29,38,195
Between 18 to 25,Female,Urban,Unmarried,General,Below Poverty Line (BPL),University,Government,Distance mode,Arts,Arts,First,Literate,Literate,No,No,2,2,2,2,2,2,2,4,4,4,2,2,2,2,2,2,2,2,2,2,2,2,2,4,2,2,2,2,2,2,2,4,2,2,4,4,4,2,2,2,4,4,2,4,2,2,2,4,4,4,2,2,1,2,2,2,4,2,4,2,2,2,2,2,2,2,38,38,34,23,30,163
Between 18 to 25,Male,Rural,Unmarried,General,Antyodaya,University,Private,Regular mode,Arts,Arts,Third,Intermediate,Intermediate,No,No,2,3,3,3,3,3,3,3,4,4,3,3,3,3,3,3,3,3,3,3,3,3,3,3,3,3,3,3,4,3,4,4,3,4,2,2,3,2,4,3,4,4,3,4,5,5,5,5,3,3,3,4,4,4,1,3,3,3,4,3,3,3,2,3,3,1,49,54,35,37,36,211
Between 18 to 25,Female,Urban,Unmarried,Scheduled Caste,Above Poverty Line (APL),University,Private,Regular mode,Science,Science,Second,Intermediate,Intermediate,No,No,3,2,2,2,2,3,4,2,2,2,2,2,2,3,2,4,2,2,2,4,2,2,2,3,5,3,3,3,2,2,4,2,5,2,5,5,4,4,4,4,4,4,4,4,4,2,2,2,2,2,4,4,2,2,2,3,2,4,2,2,4,2,2,2,2,2,39,48,44,24,31,186
Between 18 to 25,Female,Urban,Married,General,Above Poverty Line (APL),University,Private,Regular mode,Science,Science,Forth,Intermediate,Graduate,No,No,3,2,2,2,2,2,2,2,2,2,2,2,2,2,2,2,2,2,2,2,2,2,2,2,2,2,2,2,2,2,2,2,2,2,2,2,2,2,2,2,2,4,2,3,2,2,2,2,2,2,2,2,2,2,2,2,2,2,2,2,2,2,2,2,2,2,33,34,25,18,26,136
Between 18 to 25,Male,Urban,Unmarried,General,Above Poverty Line (APL),University,Private,Regular mode,Science,Science,Second,Graduate,Above Graduation,No,No,3,2,2,1,1,3,2,1,2,2,1,1,2,3,2,3,3,4,3,2,2,3,2,4,1,1,2,1,1,1,1,1,2,4,3,1,3,1,2,3,1,2,1,2,1,1,1,2,1,3,2,1,1,2,2,3,1,4,2,2,2,2,3,1,1,3,31,34,23,13,28,129
Between 18 to 25,Female,Urban,Unmarried,General,Above Poverty Line (APL),University,Private,Regular mode,Science,Science,Second,Above Graduation,Above Graduation,No,No,3,3,4,4,5,4,3,2,3,1,1,1,1,1,1,3,4,3,4,3,5,4,4,5,1,5,3,3,2,4,1,1,4,4,4,4,4,1,1,1,4,3,1,4,4,4,2,4,4,1,1,1,4,2,4,4,1,4,1,1,4,1,4,1,1,3,40,56,31,25,31,183
Between 18 to 25,Female,Urban,Unmarried,General,Above Poverty Line (APL),University,Private,Regular mode,Science,Science,Second,Graduate,Graduate,No,No,3,1,1,2,3,2,2,2,2,2,2,2,3,2,3,2,5,2,2,2,4,1,3,3,2,4,3,2,3,2,4,2,2,2,2,4,2,2,2,2,3,2,2,4,3,3,2,2,2,2,3,4,4,2,3,2,3,2,2,2,5,2,2,2,2,2,34,46,27,25,31,163
Between 18 to 25,Female,Urban,Unmarried,General,Above Poverty Line (APL),University,Private,Regular mode,Science,Science,Second,Literate,Literate,No,No,3,1,1,2,1,1,1,1,1,1,1,1,1,1,1,1,1,1,1,1,1,1,1,1,1,1,1,1,1,1,1,1,1,1,1,1,1,1,1,1,1,1,1,1,1,1,1,1,1,1,1,1,1,1,1,1,1,1,1,1,1,1,1,1,1,1,19,17,11,9,13,69
Between 18 to 25,Female,Rural,Unmarried,General,Above Poverty Line (APL),College,Government,Regular mode,Science,Science,Forth,Literate,Intermediate,No,No,2,1,2,1,3,4,2,4,2,1,1,1,1,1,4,1,5,5,1,5,5,5,5,5,1,5,5,5,5,5,5,5,5,5,5,5,5,5,3,3,3,3,3,2,5,5,3,3,3,3,2,3,4,4,5,5,3,3,2,3,4,4,5,4,4,4,31,77,42,31,50,231
Between 18 to 25,Male,Urban,Unmarried,General,Below Poverty Line (BPL),College,Government,Regular mode,Science,Science,Second,Above Graduation,Intermediate,No,No,3,5,3,4,3,3,2,1,4,3,2,3,3,3,3,3,3,5,3,3,3,3,3,3,3,3,3,3,3,3,3,5,4,3,5,3,5,3,3,3,3,3,3,3,4,4,3,5,3,4,5,5,3,3,4,3,3,4,5,2,5,5,5,3,3,3,48,56,37,36,48,225
Between 18 to 25,Female,Urban,Unmarried,Scheduled Caste,Above Poverty Line (APL),University,Government,Regular mode,Science,Science,Forth,Intermediate,Above Graduation,No,No,3,4,2,2,1,2,4,2,2,2,2,2,2,2,2,4,2,2,1,2,4,1,1,4,1,2,2,2,2,3,2,2,1,1,2,2,4,2,3,2,2,2,2,2,2,2,2,2,2,2,2,2,2,1,2,2,2,1,2,2,2,2,2,2,2,2,38,34,24,18,24,138
Between 18 to 25,Female,Urban,Unmarried,Scheduled Caste,Below Poverty Line (BPL),College,Government,Regular mode,Science,Science,Forth,Literate,Literate,No,No,3,3,3,2,2,4,3,3,3,3,2,3,3,3,3,3,3,3,3,3,3,3,3,3,3,3,3,3,3,3,3,3,3,3,3,3,3,3,3,3,3,3,3,3,3,3,3,3,3,3,3,3,3,3,3,3,3,3,3,3,3,3,3,3,3,3,46,51,33,27,39,196
Between 18 to 25,Female,Rural,Unmarried,General,Above Poverty Line (APL),University,Government,Regular mode,Science,Science,Forth,Literate,Literate,No,No,3,3,4,1,3,4,5,4,4,4,4,3,4,4,5,4,4,2,5,3,4,5,4,5,2,2,2,3,3,5,3,4,2,5,5,5,5,4,4,5,4,3,2,4,4,3,4,3,4,2,2,2,2,3,2,1,2,3,2,2,3,2,1,2,2,2,59,58,46,26,27,216
Between 18 to 25,Male,Rural,Unmarried,General,Above Poverty Line (APL),College,Government,Regular mode,Science,Science,Second,Literate,Intermediate,No,No,4,2,3,2,2,2,2,3,3,3,3,3,3,3,3,3,3,3,3,2,2,4,2,2,2,2,3,3,2,2,2,3,3,3,3,4,5,4,3,2,2,3,2,2,4,4,4,4,2,4,4,4,4,4,4,4,2,3,3,3,3,4,3,3,2,2,44,43,33,34,40,194
Between 18 to 25,Male,Rural,Unmarried,General,Below Poverty Line (BPL),University,Private,Regular mode,Science,Science,Sixth,Literate,Literate,No,No,3,2,2,2,3,4,4,2,3,2,2,3,3,4,2,2,4,2,2,3,2,3,4,3,2,5,3,5,3,3,5,5,5,3,5,5,2,4,4,1,2,1,1,1,4,4,5,5,3,3,4,3,4,1,5,1,2,3,4,1,1,1,1,1,1,1,43,59,29,35,23,189
Between 18 to 25,Female,Rural,Unmarried,General,Above Poverty Line (APL),College,Government,Regular mode,Science,Not Applicable,Sixth,Graduate,Graduate,No,No,4,4,4,5,3,4,3,3,4,3,3,4,4,5,4,4,5,5,5,3,3,3,4,4,3,4,4,3,4,4,3,2,4,4,4,4,4,4,3,4,2,2,3,4,5,5,2,5,3,4,4,2,5,3,5,3,4,3,4,4,3,2,4,4,3,2,61,63,38,35,44,241
Between 18 to 25,Female,Rural,Unmarried,General,Antyodaya,University,Government,Regular mode,Science,Science,Second,Intermediate,Intermediate,No,No,4,2,4,4,3,2,3,2,3,3,2,1,2,2,2,2,3,3,2,4,2,4,3,5,1,3,3,1,1,2,2,1,1,5,4,4,1,3,3,2,5,4,2,4,2,2,1,1,1,2,3,4,3,4,1,4,2,5,1,1,1,2,5,2,3,3,41,41,37,19,34,172
Between 18 to 25,Female,Urban,Unmarried,General,Above Poverty Line (APL),University,Government,Regular mode,Science,Not Applicable,Forth,Intermediate,Intermediate,No,No,5,4,5,5,3,5,5,5,5,4,4,4,4,5,5,5,5,5,5,3,3,3,3,3,3,3,5,5,3,3,3,5,5,5,4,4,4,2,2,5,5,2,4,5,3,3,4,5,3,4,5,5,5,2,3,2,4,4,5,3,5,4,2,3,2,3,73,65,42,37,42,259
Between 18 to 25,Female,Urban,Unmarried,General,Antyodaya,College,Government,Regular mode,Science,Science,Forth,Intermediate,Intermediate,No,No,3,3,3,4,3,3,3,3,3,3,3,3,3,3,3,3,3,3,3,3,3,3,3,3,3,3,3,3,2,2,2,2,2,4,4,3,5,4,2,4,2,4,4,3,5,3,4,3,4,3,4,3,4,3,3,3,3,3,4,5,2,4,3,3,3,3,49,46,39,33,42,209
Between 18 to 25,Female,Urban,Unmarried,Scheduled Caste,Below Poverty Line (BPL),College,Government,Regular mode,Science,Science,Forth,Intermediate,Literate,No,No,5,3,2,3,3,4,1,2,4,3,3,3,3,4,2,5,4,2,4,2,1,2,2,1,1,2,4,4,2,2,2,3,1,3,3,4,2,2,2,3,2,1,2,3,2,3,2,3,3,4,3,2,3,1,4,1,3,2,3,2,2,3,2,2,2,2,50,39,27,25,29,170
Between 18 to 25,Female,Rural,Unmarried,General,Above Poverty Line (APL),College,Government,Regular mode,Science,Not Applicable,Sixth,Graduate,Literate,No,No,3,3,2,3,3,4,2,2,3,2,2,2,3,3,2,2,4,4,4,2,3,2,2,3,2,2,2,4,3,2,2,3,3,2,4,3,4,4,2,2,2,2,4,4,2,3,4,3,3,3,3,3,2,2,3,2,4,4,4,3,3,4,3,2,3,3,41,47,33,26,40,187
Between 18 to 25,Female,Rural,Unmarried,General,Above Poverty Line (APL),College,Government,Distance mode,Science,Science,Second,Literate,Intermediate,No,No,5,4,5,5,2,4,4,4,3,4,3,4,5,4,4,4,2,4,3,3,4,2,4,4,1,2,5,5,5,3,4,5,4,4,2,2,2,2,2,4,4,4,3,4,3,4,2,3,4,5,5,4,2,1,2,2,2,2,2,3,2,2,2,2,4,2,64,60,33,32,28,217
Between 18 to 25,Female,Urban,Unmarried,General,Above Poverty Line (APL),College,Government,Distance mode,Science,Science,Sixth,Intermediate,Intermediate,No,No,4,4,4,3,4,3,4,3,4,1,1,1,2,3,3,3,4,3,3,3,5,3,4,4,1,3,4,4,3,3,5,5,5,3,3,3,4,3,2,2,2,2,2,2,5,5,5,5,5,1,2,2,4,1,2,1,4,2,3,1,1,3,2,4,2,2,47,62,28,34,28,199
Between 18 to 25,Female,Rural,Unmarried,Scheduled Caste,Antyodaya,Campus ,Government,Regular mode,Science,Not Applicable,Forth,Literate,Literate,No,No,4,4,3,3,3,3,3,3,3,3,3,3,3,3,3,3,3,3,3,3,3,3,3,3,3,3,3,3,3,3,3,3,3,3,3,3,3,3,3,3,3,3,3,3,3,3,3,3,3,3,3,3,3,3,3,3,3,3,3,3,3,3,3,3,3,3,50,51,33,27,39,200
Between 18 to 25,Female,Rural,Unmarried,Scheduled Caste,Below Poverty Line (BPL),College,Government,Regular mode,Science,Science,Forth,Graduate,Graduate,No,No,3,2,2,2,2,2,2,2,2,4,2,2,3,2,2,2,4,2,2,2,2,2,2,2,2,2,2,2,2,2,2,2,2,2,3,2,2,3,2,2,2,2,2,2,3,2,2,2,2,2,2,2,2,2,2,2,4,2,4,2,2,2,2,4,2,2,36,36,24,19,32,147
Between 18 to 25,Male,Rural,Unmarried,Scheduled Tribe,Below Poverty Line (BPL),College,Government,Regular mode,Science,Science,Second,Literate,Literate,No,No,2,4,3,4,2,4,4,3,4,3,2,3,2,2,4,2,4,4,2,4,4,2,4,4,4,3,4,4,4,4,3,4,2,2,3,2,4,4,4,4,4,4,3,4,3,4,5,4,5,4,3,2,3,2,2,2,4,2,4,2,2,2,2,4,3,2,48,60,38,33,33,212
Between 18 to 25,Female,Rural,Unmarried,General,Above Poverty Line (APL),College,Government,Regular mode,Science,Science,Second,Literate,Literate,No,No,3,3,4,4,2,3,4,4,3,3,3,3,3,3,3,4,4,4,4,3,3,3,3,3,3,2,2,2,2,2,2,1,2,2,2,2,2,2,2,2,1,2,2,2,2,2,2,2,2,1,2,2,2,2,2,2,2,2,1,2,2,2,2,2,2,2,52,45,21,17,25,160
Between 18 to 25,Male,Urban,Unmarried,General,Below Poverty Line (BPL),University,Private,Regular mode,Science,Arts,Forth,Graduate,Graduate,No,No,4,4,5,4,4,5,4,3,5,4,4,3,4,4,5,4,5,5,4,5,4,3,5,3,3,5,5,4,4,3,4,5,4,5,5,5,5,4,3,4,4,2,3,5,2,3,4,4,4,4,4,4,5,3,4,3,4,4,5,4,3,4,3,3,3,3,66,71,45,34,46,262
Between 18 to 25,Female,Urban,Unmarried,General,Above Poverty Line (APL),College,Private,Regular mode,Science,Science,Second,Literate,Intermediate,No,No,3,3,3,3,3,3,3,3,3,3,3,3,3,3,3,3,3,3,3,3,3,3,3,3,3,3,3,3,3,3,3,3,3,3,3,3,3,3,3,3,3,3,3,3,3,3,3,3,3,3,3,3,3,3,3,3,3,3,3,3,3,3,3,3,3,4,48,51,33,27,40,199
Between 18 to 25,Female,Urban,Unmarried,General,Above Poverty Line (APL),College,Government,Regular mode,Science,Not Applicable,Forth,Literate,Literate,No,No,3,4,5,5,5,5,2,4,4,2,2,1,2,5,3,4,5,5,5,5,5,4,4,5,4,2,5,4,3,2,4,4,4,5,2,2,4,3,4,2,4,4,3,5,2,3,4,3,4,5,5,4,3,2,2,2,4,4,4,3,4,2,1,1,3,1,56,70,38,33,33,230
Between 18 to 25,Female,Urban,Unmarried,General,Above Poverty Line (APL),College,Government,Distance mode,Science,Science,Forth,Literate,Literate,No,No,2,2,2,2,1,1,3,2,3,2,2,3,2,3,3,2,3,3,3,2,2,2,2,2,2,2,2,2,2,2,2,2,2,4,4,3,4,2,2,2,4,1,4,4,2,2,2,3,4,4,2,3,2,2,1,1,2,4,1,1,1,1,1,1,1,1,35,37,34,24,18,148
Between 18 to 25,Female,Urban,Unmarried,Other Backward Classes (OBC),Below Poverty Line (BPL),University,Government,Regular mode,Science,Science,Second,Literate,Literate,No,No,2,3,1,4,1,1,4,1,3,2,2,4,4,5,5,2,3,2,3,4,5,4,2,4,4,4,4,4,3,2,2,4,4,4,4,5,4,2,2,4,4,2,4,4,2,3,4,2,3,4,2,4,5,2,4,2,3,2,5,3,5,4,2,2,4,2,44,58,39,29,40,210
Between 18 to 25,Female,Rural,Unmarried,Scheduled Tribe,Below Poverty Line (BPL),College,Government,Regular mode,Science,Not Applicable,Sixth,Literate,Literate,No,No,4,3,4,4,3,5,3,3,4,3,4,3,3,3,4,4,3,4,3,3,3,2,4,3,3,2,4,4,3,4,4,4,4,4,4,4,4,4,4,4,4,4,2,4,3,3,4,4,4,4,4,3,4,3,4,2,2,4,2,4,4,2,2,4,2,2,57,57,42,33,37,226
Between 18 to 25,Female,Urban,Unmarried,Scheduled Tribe,Above Poverty Line (APL),College,Government,Regular mode,Science,Science,Second,Literate,Intermediate,No,No,4,4,4,4,4,3,3,4,4,5,3,2,3,4,3,4,4,3,4,2,3,2,3,4,2,3,4,5,4,4,3,4,3,4,5,2,4,2,3,3,4,2,4,5,3,3,3,3,4,4,2,4,3,2,2,3,3,2,2,4,3,2,2,4,2,2,58,57,38,29,33,215
Between 18 to 25,Female,Rural,Unmarried,Scheduled Caste,Above Poverty Line (APL),University,Government,Regular mode,Science,Science,Sixth,Literate,Literate,No,No,3,3,1,3,3,3,3,3,3,3,3,3,3,3,3,3,3,3,3,3,3,3,3,3,3,3,3,3,4,4,4,4,4,4,4,4,4,4,4,4,4,4,4,4,4,4,4,4,4,4,4,4,4,4,4,4,4,4,4,4,4,4,5,5,5,4,46,56,44,36,55,237
Between 18 to 25,Female,Urban,Unmarried,General,Below Poverty Line (BPL),University,Government,Regular mode,Science,Science,Second,Literate,Graduate,No,No,5,4,5,5,2,5,4,5,5,3,2,2,5,4,2,4,3,5,3,3,1,2,3,2,2,2,3,5,2,3,4,4,2,4,5,4,5,4,3,5,4,3,4,4,3,2,2,2,2,4,4,3,2,2,4,4,3,3,5,3,2,4,3,4,3,2,62,49,45,24,42,222
Between 18 to 25,Female,Urban,Unmarried,General,Above Poverty Line (APL),LSM PG campus pithoragarh ,Government,Regular mode,Science,Science,Forth,Literate,Intermediate,No,No,3,3,4,4,3,4,4,4,4,4,3,3,4,3,3,4,3,4,3,3,2,2,2,2,2,4,3,4,3,2,3,2,3,4,4,4,4,3,2,4,4,2,4,4,3,3,3,3,4,4,4,3,3,3,3,3,2,2,2,2,2,2,2,2,2,2,57,47,39,30,29,202
Between 18 to 25,Female,Rural,Unmarried,General,Below Poverty Line (BPL),College,Government,Regular mode,Science,Science,Sixth,Literate,Literate,No,No,3,2,3,3,2,4,2,1,3,4,3,2,2,3,2,1,3,2,3,3,5,2,2,4,2,2,5,3,2,4,2,4,2,4,3,5,3,5,2,2,2,2,2,3,4,2,2,4,4,5,5,4,3,2,5,3,2,2,5,2,2,2,2,4,2,2,40,50,33,33,35,191
Between 18 to 25,Female,Urban,Married,General,Above Poverty Line (APL),University,Government,Regular mode,Science,Science,Forth,Intermediate,Graduate,No,No,4,1,2,2,2,3,4,4,4,2,2,3,4,4,2,3,4,4,3,4,5,2,4,4,3,4,4,4,3,4,4,4,3,4,4,4,4,4,2,4,4,2,4,4,3,3,1,3,2,3,2,1,4,2,4,2,2,2,2,2,4,2,2,2,2,2,46,63,40,22,30,201
Between 18 to 25,Male,Urban,Unmarried,Scheduled Tribe,Below Poverty Line (BPL),College,Government,Regular mode,Science,Not Applicable,Second,Graduate,Graduate,No,No,4,3,5,3,3,2,4,4,5,4,3,4,4,4,4,4,4,4,5,3,2,3,2,4,4,2,5,4,4,3,2,3,3,4,5,5,4,4,3,4,4,3,4,4,3,3,3,3,2,4,4,4,2,2,3,2,4,3,4,4,3,5,3,2,4,4,60,57,44,28,43,232
Between 18 to 25,Female,Rural,Unmarried,General,Below Poverty Line (BPL),College,Government,Regular mode,Science,Science,Second,Graduate,Graduate,No,No,5,3,5,3,2,3,4,4,5,4,3,2,5,5,4,2,3,4,4,3,2,2,2,4,2,2,4,4,3,3,2,2,2,4,5,3,3,2,2,4,4,2,3,5,2,2,2,2,2,4,4,4,3,2,3,4,2,2,4,2,2,2,2,2,2,3,59,48,37,25,32,201
Between 18 to 25,Female,Rural,Unmarried,Other Backward Classes (OBC),Below Poverty Line (BPL),University,Government,Regular mode,Science,Science,Forth,Graduate,Intermediate,No,No,3,1,2,2,1,1,1,1,2,3,1,2,2,2,2,1,1,4,2,2,1,2,2,4,4,4,4,4,2,4,2,3,2,4,3,2,3,2,1,2,3,1,4,4,3,3,4,2,2,3,2,3,2,2,2,3,2,4,2,3,4,2,4,2,1,2,27,47,29,24,33,160
Between 18 to 25,Female,Rural,Unmarried,General,Above Poverty Line (APL),University,Government,Regular mode,Science,Science,Forth,Literate,Intermediate,No,No,4,1,2,2,2,3,4,4,4,2,2,3,4,4,2,3,4,4,3,4,5,2,4,4,3,4,4,4,3,4,4,4,3,4,4,4,4,4,2,4,4,4,4,4,3,3,1,3,2,3,2,1,4,2,4,2,2,2,2,2,4,2,2,2,2,2,46,63,42,22,30,203
Between 18 to 25,Female,Rural,Married,General,Above Poverty Line (APL),Campus,Government,Regular mode,Science,Science,Forth,Literate,Literate,No,No,4,2,2,2,2,2,2,2,2,2,2,2,2,2,2,2,2,2,2,2,2,2,2,2,2,2,2,2,2,2,2,2,2,2,2,2,2,2,2,2,2,2,2,2,2,2,2,2,2,2,2,2,2,2,2,2,2,2,2,2,2,2,2,2,2,2,34,34,22,18,26,134
Between 18 to 25,Female,Urban,Married,General,Below Poverty Line (BPL),University,Government,Regular mode,Science,Not Applicable,Sixth,Graduate,Graduate,No,No,3,2,2,2,1,2,4,3,4,3,2,2,4,3,2,2,4,4,3,2,1,1,3,4,2,4,4,3,2,4,5,2,5,5,3,4,4,2,3,2,4,4,4,4,3,2,4,4,2,2,4,4,2,2,4,4,4,4,4,2,4,4,5,5,4,5,41,53,39,27,51,211
Between 18 to 25,Female,Urban,Unmarried,General,Below Poverty Line (BPL),College,Government,Regular mode,Science,Science,Sixth,Literate,Graduate,No,No,3,4,3,2,1,1,1,1,1,3,2,2,1,2,2,1,3,2,3,2,1,2,2,3,1,1,2,2,2,2,2,2,2,2,2,2,2,2,2,2,2,2,2,2,2,2,2,2,2,2,2,2,2,2,2,2,2,2,2,1,1,1,1,2,2,1,30,34,22,18,21,125
Between 18 to 25,Female,Rural,Unmarried,Scheduled Caste,Below Poverty Line (BPL),College,Government,Regular mode,Science,Science,Second,Graduate,Graduate,No,No,4,3,3,2,2,2,4,4,2,2,4,4,4,4,2,4,2,4,2,2,2,4,4,4,4,2,2,2,2,2,2,4,2,4,2,3,2,4,2,2,2,2,2,2,2,2,2,2,2,2,2,2,2,4,4,2,2,2,4,2,2,2,4,4,2,2,50,46,27,18,36,177
Between 18 to 25,Female,Urban,Unmarried,General,Above Poverty Line (APL),University,Government,Regular mode,Science,Science,Second,Above Graduation,Above Graduation,No,No,2,2,3,1,1,1,2,3,3,2,1,3,3,3,2,1,3,3,2,2,2,2,4,4,1,4,2,2,2,4,2,2,2,3,3,2,2,2,1,3,3,2,2,2,2,2,2,2,4,1,1,1,4,1,1,1,1,1,1,1,1,1,1,1,1,1,33,43,25,19,13,133
Between 18 to 25,Female,Urban,Unmarried,General,Above Poverty Line (APL),College,Private,Regular mode,Science,Science,Second,Intermediate,Above Graduation,No,No,4,3,4,2,2,4,4,2,2,3,3,4,4,4,4,3,4,4,4,4,4,2,4,2,2,2,3,4,2,2,2,2,2,4,4,4,4,2,2,4,4,3,3,2,4,4,2,3,4,3,4,4,4,2,4,4,2,4,2,3,2,2,2,2,2,2,52,49,36,32,33,202
Between 18 to 25,Female,Urban,Unmarried,General,Below Poverty Line (BPL),College,Government,Regular mode,Science,Not Applicable,Second,Above Graduation,Literate,No,No,3,2,4,3,4,4,4,1,4,2,2,3,4,5,2,1,5,2,3,2,4,4,4,3,1,3,5,4,5,1,4,4,2,1,3,4,5,4,3,4,4,3,4,4,4,5,5,3,2,5,4,5,4,4,5,5,1,3,3,4,2,1,3,1,1,2,48,56,39,37,35,215
Between 18 to 25,Female,Rural,Unmarried,General,Antyodaya,Campus ,Government,Regular mode,Science,Not Applicable,Forth,Intermediate,Intermediate,No,No,3,3,4,3,4,4,4,4,4,3,3,3,3,4,3,4,4,4,4,4,4,4,3,4,4,4,4,4,4,2,4,2,4,4,4,4,4,4,4,2,4,4,4,4,4,4,2,2,4,4,4,4,4,2,5,2,5,4,5,4,4,5,4,5,5,2,56,63,42,32,52,245
Between 18 to 25,Male,Rural,Unmarried,General,Below Poverty Line (BPL),University,Government,Regular mode,Science,Not Applicable,Forth,Literate,Literate,No,No,2,4,3,2,1,4,2,3,4,2,1,2,2,2,3,3,4,3,2,2,3,3,2,3,1,4,4,2,3,2,2,2,3,3,3,2,4,3,3,2,2,2,2,4,3,4,3,4,4,4,3,3,4,3,4,3,4,3,4,3,3,4,3,4,4,2,40,45,30,32,44,191
Between 18 to 25,Female,Rural,Unmarried,General,Below Poverty Line (BPL),University,Government,Distance mode,Science,Science,Forth,Literate,Above Graduation,No,No,4,3,3,3,5,3,4,3,4,4,3,3,3,3,1,3,1,2,3,2,3,5,3,3,3,3,5,4,3,2,4,4,2,3,4,4,3,3,3,3,4,4,4,3,3,2,4,4,4,3,4,2,3,2,4,3,4,3,4,2,3,4,4,4,4,2,52,52,38,29,43,214
Between 18 to 25,Female,Rural,Unmarried,General,Antyodaya,University,Government,Regular mode,Science,Not done currently in bsc,Forth,Intermediate,Intermediate,No,No,4,3,4,3,4,5,5,5,5,4,3,3,4,4,3,3,3,4,4,3,2,2,2,4,3,2,2,4,3,4,3,3,3,4,4,5,5,5,3,4,3,3,4,3,3,5,4,5,4,4,3,4,4,4,3,2,3,3,3,3,4,4,3,4,4,1,62,51,43,36,41,233
Between 18 to 25,Male,Rural,Unmarried,General,Above Poverty Line (APL),College,Government,Regular mode,Science,Not Applicable,Forth,Above Graduation,Above Graduation,No,No,4,3,3,4,4,4,4,2,4,2,2,4,3,4,4,4,4,2,3,4,5,3,3,4,3,5,3,3,3,2,3,3,3,3,3,3,3,3,3,3,3,3,4,3,4,5,4,5,3,3,3,3,5,3,2,4,2,4,2,4,3,2,4,3,2,3,55,56,34,35,38,218
Between 18 to 25,Female,Rural,Unmarried,General,Antyodaya,University,Government,Regular mode,Science,Science,Second,Intermediate,Intermediate,No,No,4,3,4,2,2,4,3,3,4,2,2,4,4,3,2,3,4,5,2,3,2,1,4,4,2,2,2,5,2,2,2,4,2,5,5,2,3,3,2,4,4,1,2,5,3,3,2,3,4,2,3,3,3,2,2,1,2,2,4,2,2,4,1,4,2,2,49,48,36,26,30,189
Between 18 to 25,Female,Urban,Unmarried,General,Above Poverty Line (APL),College,Government,Regular mode,Science,Not Applicable,Forth,Intermediate,Intermediate,No,No,3,3,3,2,2,3,3,2,2,3,2,2,2,3,2,2,2,2,2,3,2,2,2,2,2,2,3,2,2,2,3,2,2,2,2,2,2,2,2,2,2,2,2,2,2,2,2,2,3,2,2,2,2,2,3,2,2,2,2,2,2,2,2,2,2,3,39,37,22,19,28,145
Between 18 to 25,Female,Rural,Unmarried,General,Below Poverty Line (BPL),College,Government,Regular mode,Science,Science,Forth,Intermediate,Graduate,No,No,3,2,3,3,2,4,3,2,4,3,2,3,4,4,3,3,4,4,4,3,4,4,4,4,4,4,3,2,4,3,3,3,2,3,4,4,4,3,4,2,3,4,4,4,5,4,4,4,5,4,4,4,4,4,4,2,4,3,3,4,4,2,3,3,3,3,48,59,39,38,42,226
Between 18 to 25,Male,Rural,Unmarried,General,Above Poverty Line (APL),College,Government,Distance mode,Science,Science,Second,Literate,Literate,No,No,4,3,4,2,1,3,3,1,3,2,2,2,3,4,2,1,2,2,2,1,3,3,4,4,1,2,3,3,3,3,3,3,2,2,3,3,3,3,3,3,3,3,3,3,3,3,3,3,3,3,3,3,3,3,3,3,3,3,3,3,3,3,3,3,3,3,40,44,32,27,39,182
Between 18 to 25,Female,Rural,Unmarried,General,Below Poverty Line (BPL),College,Government,Distance mode,Science,Science,Forth,Graduate,Graduate,No,No,3,2,3,2,2,3,3,3,3,3,2,2,3,3,3,4,4,4,3,2,2,2,3,4,2,4,4,3,3,3,3,3,3,4,3,5,3,3,2,3,4,4,4,4,3,3,4,4,2,4,3,3,5,3,3,3,3,4,3,3,4,3,2,4,3,3,44,52,39,31,41,207
Between 18 to 25,Female,Urban,Unmarried,General,Below Poverty Line (BPL),College,Government,Regular mode,Science,Science,Forth,Intermediate,Intermediate,No,No,4,4,4,4,4,4,2,2,4,4,4,2,4,4,4,2,2,4,4,2,2,2,2,2,4,2,4,4,4,2,4,4,4,4,3,2,3,3,3,3,4,3,2,4,3,3,3,3,2,2,3,3,2,2,4,2,4,2,2,4,4,4,2,4,4,2,56,52,34,24,40,206
Between 18 to 25,Female,Rural,Unmarried,General,Below Poverty Line (BPL),College,Government,Regular mode,Science,Not Applicable,Second,Literate,Literate,No,No,4,2,3,3,2,3,4,4,3,4,2,2,4,3,4,3,4,2,2,2,3,3,2,3,2,2,4,5,4,2,3,4,2,4,4,4,2,2,2,4,4,2,4,4,2,4,2,2,2,2,2,2,2,2,3,2,2,2,4,3,2,2,2,2,2,2,50,49,36,20,30,185
Between 18 to 25,Male,Rural,Unmarried,General,Below Poverty Line (BPL),College,Government,Distance mode,Science,Science,Second,Graduate,Literate,No,No,3,1,1,1,3,3,3,2,3,1,2,2,2,2,3,2,4,3,1,1,1,1,1,3,1,3,3,1,1,3,2,1,2,1,2,2,2,2,2,1,1,1,1,1,1,1,1,3,1,3,1,1,1,1,3,3,5,2,3,1,2,3,1,1,1,1,34,32,16,13,27,122
Between 18 to 25,Female,Urban,Unmarried,General,Above Poverty Line (APL),College,Government,Regular mode,Science,Science,Forth,Above Graduation,Intermediate,No,No,3,2,3,4,2,2,2,4,3,2,2,2,3,4,4,5,4,5,5,5,4,2,2,5,2,4,4,5,3,5,3,5,2,4,5,4,2,2,4,5,5,3,4,5,3,3,4,3,3,4,2,2,5,2,5,5,5,5,5,3,4,4,4,3,5,3,47,65,43,29,53,237
Between 18 to 25,Female,Rural,Unmarried,General,Below Poverty Line (BPL),College,Private,Regular mode,Science,Science,Forth,Intermediate,Intermediate,No,No,2,1,3,2,2,2,2,2,2,2,2,2,2,2,3,3,4,3,3,3,2,3,3,3,3,3,3,3,2,3,3,3,3,3,3,3,3,3,3,3,3,3,3,3,3,3,3,2,3,2,2,3,2,2,2,2,2,2,2,2,2,2,3,3,3,3,34,50,33,23,30,170
Between 18 to 25,Female,Urban,Unmarried,Other Backward Classes (OBC),Below Poverty Line (BPL),University,Government,Regular mode,Not Applicable,Arts,Forth,Intermediate,Literate,No,No,3,3,3,2,2,3,2,2,3,3,2,2,3,3,2,3,4,4,4,1,2,1,2,2,1,2,2,4,1,1,2,3,2,4,2,4,4,3,2,2,2,2,4,3,3,4,2,3,3,3,2,2,2,2,2,2,2,2,3,2,2,2,1,1,1,2,41,38,32,24,24,159
Between 18 to 25,Female,Rural,Unmarried,Other Backward Classes (OBC),Below Poverty Line (BPL),University,Government,Regular mode,Science,Not Applicable,Second,Literate,Literate,No,No,3,2,4,4,5,4,4,3,4,5,2,3,4,4,4,3,5,4,3,2,2,4,2,5,2,2,3,2,3,4,4,2,2,5,5,1,4,2,2,4,4,2,2,5,2,1,4,4,2,2,2,2,2,1,1,2,2,3,3,4,2,1,2,2,2,1,58,51,36,21,26,192
Between 18 to 25,Female,Rural,Unmarried,General,Below Poverty Line (BPL),College,Government,Regular mode,Science,Science,Forth,Intermediate,Intermediate,No,No,1,1,1,1,1,1,1,1,1,1,1,1,1,1,1,1,1,1,1,1,1,1,1,1,1,1,1,1,1,1,1,1,1,1,1,1,1,1,1,1,1,1,1,1,1,1,1,1,1,1,1,1,1,1,1,1,1,1,1,1,1,1,1,1,1,1,16,17,11,9,13,66
Between 18 to 25,Male,Urban,Unmarried,Scheduled Caste,Antyodaya,College,Government,Regular mode,Science,Not Applicable,Forth,Graduate,Above Graduation,No,No,2,2,2,4,1,3,3,2,3,2,2,2,3,4,3,2,4,5,2,3,5,2,3,2,2,4,3,2,2,3,2,2,2,2,2,2,2,2,2,2,1,1,2,1,2,2,2,2,3,2,2,2,4,2,2,2,2,1,2,2,2,2,2,1,2,1,40,48,19,21,23,151
Between 18 to 25,Female,Rural,Unmarried,General,Below Poverty Line (BPL),University,Government,Distance mode,Science,Not Applicable,Sixth,Literate,Literate,No,No,5,3,4,4,4,4,4,4,4,3,4,1,3,3,4,4,4,3,3,1,3,2,2,2,2,2,2,4,3,2,4,5,2,4,4,3,1,2,1,2,4,1,2,4,3,2,3,3,2,3,3,3,2,4,4,3,3,3,4,4,3,3,4,3,5,2,58,46,28,24,45,201
Between 18 to 25,Female,Rural,Unmarried,General,Below Poverty Line (BPL),College,Government,Regular mode,Science,Science,Forth,Intermediate,Intermediate,No,No,4,3,3,4,4,3,4,4,4,4,3,4,4,4,4,4,4,4,4,4,4,4,3,4,4,3,4,4,4,4,4,4,3,4,4,4,4,4,4,4,4,4,4,4,4,4,4,4,3,4,4,3,3,4,4,4,4,4,4,4,4,4,4,4,4,4,60,65,44,33,52,254
Between 18 to 25,Male,Rural,Unmarried,Other Backward Classes (OBC),Below Poverty Line (BPL),College,Government,Regular mode,Science,Science,Forth,Literate,Literate,No,No,3,3,3,3,5,3,3,3,5,3,4,4,4,4,5,3,4,5,4,4,2,4,3,3,2,4,3,3,3,2,1,3,2,4,5,2,2,1,3,3,3,3,2,5,4,2,3,3,5,1,2,4,5,5,4,3,4,3,3,4,4,5,3,1,3,3,58,52,33,29,45,217
Between 18 to 25,Female,Rural,Married,Scheduled Caste,Below Poverty Line (BPL),College,Government,Regular mode,Science,Not Applicable,Forth,Literate,Above Graduation,No,No,3,3,3,3,2,2,2,3,3,2,2,2,2,2,2,2,2,2,2,3,5,2,4,1,2,2,2,2,2,2,2,2,2,2,2,2,2,2,2,2,2,2,2,2,2,2,2,2,2,2,5,2,2,2,5,2,5,2,2,2,2,4,2,2,2,2,38,39,22,21,34,154
Between 18 to 25,Male,Rural,Unmarried,Scheduled Caste,Antyodaya,University,Government,Distance mode,Not Applicable,Not Applicable,Forth,Literate,Literate,No,No,3,5,3,3,2,4,2,5,4,3,3,2,4,4,4,5,5,2,3,2,3,4,3,4,2,4,5,3,3,3,2,2,2,3,2,2,2,2,2,2,2,2,2,2,4,2,3,4,2,5,3,3,5,3,3,1,4,2,5,4,2,3,1,3,3,1,56,52,23,31,35,197
Between 18 to 25,Female,Rural,Unmarried,Other Backward Classes (OBC),Below Poverty Line (BPL),College,Government,Regular mode,Science,Not Applicable,Sixth,Literate,Literate,No,No,3,4,3,4,4,4,4,4,4,4,3,4,4,4,4,4,4,4,4,3,2,3,3,4,4,4,4,4,4,4,4,4,3,4,4,4,4,4,4,4,4,4,4,4,4,4,4,4,4,4,4,4,4,4,4,3,4,4,4,3,3,4,3,5,3,2,61,62,44,36,46,249
Between 18 to 25,Female,Rural,Unmarried,Scheduled Caste,Above Poverty Line (APL),College,Government,Distance mode,Science,Science,Second,Literate,Literate,No,No,5,3,3,3,2,5,5,5,5,4,5,4,5,4,5,3,5,5,5,3,1,3,3,5,5,5,5,5,3,3,3,5,5,5,4,3,5,5,3,5,5,5,4,5,3,5,5,3,2,5,5,5,3,1,5,1,4,3,3,2,4,5,1,5,3,2,66,69,49,36,39,259
Between 18 to 25,Male,Rural,Unmarried,General,Above Poverty Line (APL),Campus ,Government,Regular mode,Science,Not Applicable,Second,Literate,Literate,No,No,5,2,3,3,3,5,5,5,5,5,5,5,5,5,1,1,2,5,5,1,5,1,5,5,1,5,5,5,3,4,5,5,5,5,5,5,5,5,1,1,5,2,5,5,5,5,5,5,5,5,5,5,5,1,5,5,5,5,5,5,1,5,5,5,5,5,63,67,44,45,57,276
Between 18 to 25,Female,Urban,Unmarried,General,Above Poverty Line (APL),College,Government,Regular mode,Science,Science,Forth,Intermediate,Above Graduation,No,No,4,2,4,4,2,4,2,4,4,3,2,4,4,4,4,3,3,4,4,3,3,3,4,3,2,2,2,3,2,2,2,1,4,5,4,4,2,4,5,5,4,2,4,4,4,4,3,2,2,2,2,3,2,1,1,1,1,1,1,1,1,1,1,2,1,2,54,47,43,24,15,183
Between 18 to 25,Female,Urban,Unmarried,General,Below Poverty Line (BPL),College,Government,Regular mode,Science,Not Applicable,Second,Literate,Literate,No,No,3,2,4,3,3,4,2,4,3,4,2,2,3,3,3,3,4,4,3,3,5,4,3,4,2,4,5,3,4,4,3,5,4,3,4,4,4,3,4,4,4,5,2,3,4,4,4,3,3,4,4,4,4,4,4,4,4,4,5,5,4,4,4,5,3,2,48,64,40,34,52,238
Between 18 to 25,Male,Rural,Unmarried,Scheduled Caste,Above Poverty Line (APL),College,Government,Regular mode,Science,Science,Second,Literate,Literate,No,No,3,4,4,4,1,5,1,2,4,4,2,3,4,2,3,3,3,4,2,3,2,2,2,4,3,3,4,3,3,2,2,2,2,4,4,4,5,4,2,2,3,4,3,4,3,3,2,2,2,4,4,4,4,3,4,3,2,3,4,3,2,1,2,2,2,2,49,46,39,28,33,195
Between 18 to 25,Female,Urban,Unmarried,Scheduled Caste,Above Poverty Line (APL),College,Government,Regular mode,Arts,Not Applicable,Forth,Intermediate,Intermediate,No,No,2,4,4,3,5,4,5,3,4,2,2,2,2,3,3,2,3,4,4,2,3,2,3,1,3,3,3,1,2,3,3,1,3,2,1,4,3,1,4,2,1,1,1,1,5,2,4,5,4,4,4,5,3,2,4,1,1,5,4,4,3,1,1,2,2,1,50,44,21,36,31,182
Between 18 to 25,Female,Urban,Unmarried,Other Backward Classes (OBC),Above Poverty Line (APL),College,Government,Regular mode,Science,Science,Forth,Graduate,Intermediate,No,No,4,5,5,5,3,5,3,5,5,4,3,3,5,3,4,5,5,5,5,3,3,5,3,5,2,2,4,5,3,3,3,3,3,5,5,5,2,4,2,4,4,2,2,3,3,3,2,3,2,3,3,4,3,4,5,4,4,3,3,4,2,4,4,2,2,2,67,62,38,26,43,236
Between 18 to 25,Male,Urban,Unmarried,Scheduled Caste,Below Poverty Line (BPL),University,Government,Regular mode,Arts,Not Applicable,Forth,Intermediate,Literate,No,No,3,2,4,2,1,3,1,1,3,1,1,1,1,2,1,1,1,2,2,4,1,1,1,5,2,1,2,2,1,4,2,4,2,2,4,2,2,2,2,2,2,1,1,4,3,1,1,3,4,2,2,2,4,2,1,2,3,2,4,2,5,1,1,2,2,1,28,37,24,22,28,139
Between 18 to 25,Female,Rural,Married,General,Above Poverty Line (APL),College,Government,Regular mode,Science,Science,Forth,Literate,Graduate,No,No,4,3,4,4,3,3,4,3,4,4,3,4,4,4,4,3,4,4,3,3,3,2,3,1,3,3,2,2,2,4,1,2,2,3,4,4,3,3,2,3,2,3,3,4,3,3,3,3,2,2,2,3,3,2,4,2,2,3,2,2,3,2,1,2,1,2,58,44,34,24,28,188
Between 18 to 25,Female,Urban,Unmarried,Scheduled Caste,Above Poverty Line (APL),University,Government,Regular mode,Science,Science,Second,Literate,Intermediate,No,No,2,2,2,4,2,2,2,2,2,2,2,2,2,2,2,2,2,2,2,2,2,2,2,2,2,2,2,2,2,2,2,2,2,2,2,2,2,2,2,2,2,2,2,2,2,2,2,2,2,2,2,2,2,2,2,2,2,2,2,2,2,2,2,2,2,2,34,34,22,18,26,134
Between 18 to 25,Female,Rural,Unmarried,Scheduled Caste,Below Poverty Line (BPL),College,Government,Regular mode,Science,Science,Second,Graduate,Intermediate,No,No,2,4,4,2,2,4,4,4,2,2,2,4,2,4,4,2,4,4,2,2,2,2,4,2,2,4,4,2,2,2,2,2,2,2,4,4,4,4,2,2,4,2,2,4,4,4,4,2,4,2,2,2,4,4,4,4,4,4,4,4,4,4,4,4,4,4,48,44,34,28,52,206
Between 18 to 25,Male,Urban,Unmarried,General,Below Poverty Line (BPL),University,Government,Regular mode,Science,Not Applicable,Second,Intermediate,Intermediate,No,No,3,2,3,3,2,2,2,1,2,3,2,2,2,2,2,3,2,3,2,3,2,2,2,3,2,3,2,2,2,4,2,2,2,3,3,2,2,2,3,2,2,2,2,2,2,2,2,2,2,3,2,2,2,2,2,2,2,2,2,2,2,2,2,2,2,2,36,40,25,19,26,146
Between 18 to 25,Female,Rural,Unmarried,General,Below Poverty Line (BPL),College,Government,Distance mode,Science,Not Applicable,Forth,Literate,Literate,No,No,4,3,4,2,2,4,2,3,4,3,3,3,4,4,4,4,4,4,4,4,2,4,2,4,4,2,3,4,2,4,4,4,4,4,4,4,4,4,2,3,4,2,3,4,3,2,4,2,4,4,4,4,2,2,4,2,2,3,2,2,2,2,2,2,2,2,53,59,38,29,29,208
Between 18 to 25,Female,Urban,Unmarried,General,Above Poverty Line (APL),College,Government,Regular mode,Science,Science,Forth,Intermediate,Intermediate,No,No,2,3,1,2,1,2,2,2,3,3,2,2,3,1,1,1,2,2,1,2,2,3,2,3,2,3,3,2,2,2,3,3,3,2,1,2,2,1,2,2,3,3,3,1,1,2,1,2,1,2,2,2,1,1,2,1,3,2,2,2,2,2,2,2,1,1,31,40,22,14,23,130
Between 18 to 25,Female,Rural,Unmarried,General,Antyodaya,College,Government,Regular mode,Science,Science,Forth,Literate,Intermediate,No,No,2,2,2,3,2,3,2,1,2,1,1,1,1,2,1,1,2,3,2,3,3,1,2,2,1,3,2,2,2,2,1,1,1,2,2,2,2,1,1,1,1,1,1,1,2,2,2,1,2,2,2,2,3,2,2,1,4,3,4,2,1,1,1,2,1,2,27,33,15,18,26,119
Between 18 to 25,Male,Rural,Unmarried,General,Above Poverty Line (APL),College,Government,Regular mode,Science,Science,Second,Intermediate,Graduate,No,No,3,1,4,2,3,4,3,4,4,3,1,2,2,4,1,2,2,4,3,4,2,2,1,1,1,4,3,3,3,2,4,1,2,4,4,2,3,3,1,1,1,2,2,4,4,4,2,2,3,4,3,2,5,2,2,3,2,4,3,2,1,2,2,4,2,1,43,42,27,29,30,171
Between 18 to 25,Female,Rural,Unmarried,General,Below Poverty Line (BPL),College,Government,Regular mode,Science,Not Applicable,Forth,Literate,Intermediate,No,No,4,2,2,2,2,4,4,2,2,2,2,2,4,2,2,4,3,2,4,2,2,2,4,4,2,2,2,4,2,2,2,4,2,4,2,4,4,2,2,4,2,4,4,4,2,2,2,2,2,2,2,2,2,2,2,2,2,2,2,2,2,2,4,2,2,2,42,45,36,18,28,169
Between 18 to 25,Male,Urban,Unmarried,General,Below Poverty Line (BPL),College,Government,Regular mode,Science,Science,Forth,Literate,Literate,No,No,2,2,1,2,1,1,1,1,2,2,2,2,1,2,2,3,2,2,2,2,2,2,2,2,2,2,1,2,2,2,2,2,2,2,2,3,2,2,2,2,2,2,2,2,2,2,2,2,2,3,2,2,2,1,4,4,3,2,2,2,2,4,4,2,2,3,27,33,23,19,35,137
Between 18 to 25,Female,Rural,Unmarried,Scheduled Caste,Above Poverty Line (APL),College,Government,Regular mode,Science,Not Applicable,Forth,Intermediate,Intermediate,No,No,2,2,2,2,1,2,2,2,2,3,2,2,2,1,2,2,2,3,2,3,2,2,3,4,2,2,2,2,2,2,2,1,2,2,2,2,2,2,2,2,2,2,4,4,2,2,4,2,4,2,2,2,2,2,3,2,2,2,2,2,2,2,2,2,2,2,31,38,26,22,27,144
Between 18 to 25,Female,Urban,Unmarried,Other Backward Classes (OBC),Below Poverty Line (BPL),University,Government,Regular mode,Science,Not Applicable,Sixth,Literate,Literate,No,No,2,3,4,1,5,4,2,4,4,4,5,1,2,3,4,4,5,5,3,2,3,4,2,5,4,4,4,5,3,2,5,1,3,5,3,2,5,1,4,2,1,1,5,3,4,5,4,3,2,3,2,3,4,2,5,3,4,2,4,5,3,2,5,3,2,5,52,60,32,30,45,219
Between 18 to 25,Female,Rural,Unmarried,General,Below Poverty Line (BPL),University,Government,Regular mode,Science,Science,Forth,Literate,Literate,No,No,5,3,4,5,3,5,4,4,4,3,3,4,4,4,4,4,3,4,5,1,4,2,2,3,3,4,3,4,3,4,3,3,4,4,3,4,4,4,4,4,4,4,4,4,3,3,4,4,2,5,4,4,3,3,5,2,3,2,5,4,1,5,2,4,3,2,63,55,43,32,41,234
Between 18 to 25,Female,Urban,Married,Other Backward Classes (OBC),Above Poverty Line (APL),University,Government,Regular mode,Science,Science,Second,Literate,Literate,No,No,4,3,3,2,2,2,2,3,3,2,3,3,3,3,3,3,3,3,3,3,3,3,3,3,3,3,3,3,2,2,2,2,2,2,2,2,2,2,2,3,3,3,3,3,3,3,3,3,3,3,3,3,3,3,3,3,3,3,3,3,3,3,3,3,3,3,44,46,27,27,39,183
Between 18 to 25,Female,Urban,Unmarried,General,Below Poverty Line (BPL),College,Government,Regular mode,Science,Mathematics ,Forth,Above Graduation,Above Graduation,No,No,4,2,3,2,1,2,3,1,2,3,1,1,3,2,2,1,3,4,1,3,4,2,3,2,2,2,4,2,3,3,1,2,2,4,4,4,4,4,2,2,2,1,2,4,3,4,2,4,2,4,4,4,5,1,4,4,4,4,4,4,4,4,2,4,1,1,33,43,33,32,41,182
Between 18 to 25,Female,Rural,Married,Other Backward Classes (OBC),Above Poverty Line (APL),College,Government,Regular mode,Science,Science,Forth,Literate,Literate,No,No,4,3,3,2,2,4,2,3,4,2,2,2,3,2,4,3,4,4,3,3,4,3,4,5,2,4,4,4,4,4,3,3,3,5,4,4,4,3,2,4,1,2,3,4,4,3,3,4,4,4,4,3,3,3,3,3,3,4,2,2,2,2,2,2,2,2,45,61,36,32,32,206
Between 18 to 25,Female,Rural,Unmarried,General,Above Poverty Line (APL),College,Government,Regular mode,Science,Science,Forth,Literate,Above Graduation,No,No,5,2,4,4,4,4,2,2,4,4,4,4,2,4,4,4,2,2,2,2,2,2,2,4,2,2,4,2,2,4,4,4,4,2,4,4,2,2,4,4,4,2,4,2,2,2,2,2,2,4,4,2,2,2,2,2,2,4,4,2,2,1,2,2,2,2,57,46,34,22,29,188
Between 18 to 25,Male,Urban,Unmarried,General,Below Poverty Line (BPL),College,Government,Distance mode,Science,Science,Forth,Intermediate,Intermediate,No,No,4,4,4,4,4,4,4,4,4,4,4,4,4,4,4,4,3,2,2,2,2,2,2,2,2,2,2,2,2,2,2,3,3,3,3,3,3,3,3,3,3,3,3,3,3,3,3,3,3,3,3,3,3,3,3,3,4,3,4,3,3,3,3,3,3,3,64,37,33,27,41,202
Between 18 to 25,Male,Urban,Unmarried,General,Above Poverty Line (APL),College,Government,Regular mode,Science,Science,Forth,Literate,Graduate,No,No,3,2,4,4,3,3,4,5,5,4,3,4,5,5,4,2,4,5,5,5,2,1,3,2,3,4,4,4,4,4,4,4,5,5,4,5,4,4,1,2,5,2,4,4,3,3,4,2,3,4,4,4,4,4,4,4,2,3,4,4,1,3,4,4,1,2,60,63,40,31,40,234
Between 18 to 25,Female,Rural,Unmarried,General,Below Poverty Line (BPL),College,Government,Regular mode,Science,Science,Second,Intermediate,Intermediate,No,No,2,2,4,2,2,4,3,4,4,4,2,3,2,3,2,2,4,4,4,2,4,4,4,4,2,4,4,3,2,4,4,2,2,4,4,4,3,2,2,2,4,3,4,4,2,4,4,4,4,2,2,2,4,2,4,2,4,4,4,2,2,2,2,4,2,2,45,57,36,28,36,202
Between 18 to 25,Female,Rural,Unmarried,Scheduled Caste,Below Poverty Line (BPL),College,Government,Regular mode,Science,Science,Second,Literate,Intermediate,No,No,2,2,2,2,2,4,3,2,4,4,2,2,2,3,2,2,4,4,4,2,4,4,4,4,2,4,2,4,4,2,2,2,2,4,4,2,3,2,2,2,4,3,4,4,2,4,4,4,4,2,2,2,4,2,4,2,4,4,2,2,2,2,2,2,2,2,40,54,34,28,32,188
Between 18 to 25,Male,Rural,Unmarried,Scheduled Caste,Below Poverty Line (BPL),College,Government,Regular mode,Science,Science,Second,Literate,Graduate,No,No,2,1,2,1,1,2,2,2,3,2,1,2,2,1,3,1,2,3,2,3,3,2,2,5,1,3,1,2,2,3,2,2,2,3,2,2,2,1,1,2,1,1,2,2,1,1,1,2,1,2,2,2,2,1,1,1,3,2,4,1,1,1,1,1,1,1,28,40,19,14,19,120
Between 18 to 25,Female,Rural,Unmarried,Other Backward Classes (OBC),Above Poverty Line (APL),College,Government,Regular mode,Science,Not Applicable,Second,Above Graduation,Above Graduation,No,No,5,3,4,3,4,5,4,4,3,3,2,3,4,4,4,2,5,3,3,3,5,5,4,3,1,3,5,5,5,1,3,3,3,2,4,5,5,5,5,3,4,4,4,4,4,4,3,5,5,5,5,5,3,5,5,5,4,5,3,5,4,3,5,3,3,1,57,60,45,39,51,252
Between 18 to 25,Female,Urban,Unmarried,General,Below Poverty Line (BPL),College,Government,Regular mode,Science,Math,Second,Literate,Above Graduation,No,No,2,2,2,1,1,2,2,2,2,2,2,2,2,2,2,2,2,2,2,2,1,3,2,4,1,2,3,2,2,2,2,2,2,4,4,2,2,2,2,4,4,2,2,3,2,2,4,2,2,2,2,2,2,1,2,1,2,1,1,1,2,1,1,2,2,1,30,36,31,20,18,135
Between 18 to 25,Male,Rural,Unmarried,General,Below Poverty Line (BPL),College,Private,Distance mode,Arts,Arts,First,Literate,Literate,No,No,3,2,2,2,2,2,2,2,2,2,2,2,2,3,3,2,2,2,2,2,2,2,2,2,3,2,1,2,2,2,3,1,2,2,2,3,2,2,3,4,2,2,2,2,2,2,2,2,2,2,2,2,2,2,2,2,2,2,2,2,2,2,2,2,2,2,35,34,26,18,26,139
Between 18 to 25,Female,Urban,Unmarried,General,Above Poverty Line (APL),University,Private,Distance mode,Arts,Arts,First,Intermediate,Graduate,No,No,3,2,3,2,1,1,2,2,3,1,1,1,2,3,2,2,3,2,2,3,3,1,3,4,2,3,3,3,3,2,2,2,3,4,4,2,2,2,2,3,3,2,3,4,4,2,2,4,4,3,2,3,4,3,3,3,2,3,1,1,1,1,2,2,2,3,31,44,31,28,27,161
